consumer_id,category,sanctioned_load_kw,tariff,transformer_id,feeder_id,meter_install_date
C00001,residential,4.36,LT-1 Domestic,TX049,F07,2025-01-01
C00002,residential,1.11,LT-1 Domestic,TX021,F03,2025-01-01
C00003,residential,2.14,LT-1 Domestic,TX032,F04,2025-01-01
C00004,residential,1.18,LT-1 Domestic,TX075,F10,2025-01-01
C00005,residential,2.34,LT-1 Domestic,TX008,F01,2025-01-01
C00006,commercial,5.88,LT-2 Commercial,TX025,F04,2025-01-01
C00007,industrial,9.08,HT-1 Industrial,TX089,F12,2025-01-01
C00008,residential,3.59,LT-1 Domestic,TX006,F01,2025-01-01
C00009,residential,2.39,LT-1 Domestic,TX086,F11,2025-01-01
C00010,residential,5.81,LT-1 Domestic,TX027,F04,2025-01-01
C00011,industrial,17.95,HT-1 Industrial,TX091,F12,2025-01-01
C00012,industrial,17.21,HT-1 Industrial,TX035,F05,2025-01-01
C00013,residential,2.15,LT-1 Domestic,TX014,F02,2025-01-01
C00014,commercial,4.22,LT-2 Commercial,TX080,F10,2025-01-01
C00015,residential,4.8,LT-1 Domestic,TX081,F11,2025-01-01
C00016,commercial,1.96,LT-2 Commercial,TX040,F05,2025-01-01
C00017,residential,3.83,LT-1 Domestic,TX093,F12,2025-01-01
C00018,residential,2.49,LT-1 Domestic,TX014,F02,2025-01-01
C00019,residential,5.84,LT-1 Domestic,TX047,F06,2025-01-01
C00020,residential,6.03,LT-1 Domestic,TX024,F03,2025-01-01
C00021,residential,2.76,LT-1 Domestic,TX038,F05,2025-01-01
C00022,residential,1.75,LT-1 Domestic,TX051,F07,2025-01-01
C00023,residential,2.51,LT-1 Domestic,TX094,F12,2025-01-01
C00024,residential,1.08,LT-1 Domestic,TX022,F03,2025-01-01
C00025,residential,1.42,LT-1 Domestic,TX049,F07,2025-01-01
C00026,residential,1.65,LT-1 Domestic,TX079,F10,2025-01-01
C00027,residential,3.67,LT-1 Domestic,TX077,F10,2025-01-01
C00028,residential,5.1,LT-1 Domestic,TX070,F09,2025-01-01
C00029,residential,3.24,LT-1 Domestic,TX025,F04,2025-01-01
C00030,residential,3.06,LT-1 Domestic,TX086,F11,2025-01-01
C00031,residential,6.75,LT-1 Domestic,TX004,F01,2025-01-01
C00032,commercial,3.28,LT-2 Commercial,TX093,F12,2025-01-01
C00033,commercial,4.68,LT-2 Commercial,TX006,F01,2025-01-01
C00034,residential,1.28,LT-1 Domestic,TX087,F11,2025-01-01
C00035,residential,1.3,LT-1 Domestic,TX028,F04,2025-01-01
C00036,industrial,4.54,HT-1 Industrial,TX057,F08,2025-01-01
C00037,residential,1.13,LT-1 Domestic,TX087,F11,2025-01-01
C00038,residential,3.0,LT-1 Domestic,TX089,F12,2025-01-01
C00039,industrial,10.43,HT-1 Industrial,TX049,F07,2025-01-01
C00040,residential,3.75,LT-1 Domestic,TX048,F06,2025-01-01
C00041,residential,3.22,LT-1 Domestic,TX077,F10,2025-01-01
C00042,residential,3.3,LT-1 Domestic,TX060,F08,2025-01-01
C00043,residential,1.79,LT-1 Domestic,TX080,F10,2025-01-01
C00044,commercial,4.44,LT-2 Commercial,TX070,F09,2025-01-01
C00045,residential,1.63,LT-1 Domestic,TX067,F09,2025-01-01
C00046,residential,1.53,LT-1 Domestic,TX060,F08,2025-01-01
C00047,residential,3.66,LT-1 Domestic,TX065,F09,2025-01-01
C00048,residential,2.61,LT-1 Domestic,TX082,F11,2025-01-01
C00049,commercial,3.27,LT-2 Commercial,TX042,F06,2025-01-01
C00050,residential,1.59,LT-1 Domestic,TX059,F08,2025-01-01
C00051,residential,1.63,LT-1 Domestic,TX075,F10,2025-01-01
C00052,residential,1.81,LT-1 Domestic,TX046,F06,2025-01-01
C00053,residential,1.51,LT-1 Domestic,TX043,F06,2025-01-01
C00054,residential,5.62,LT-1 Domestic,TX064,F08,2025-01-01
C00055,residential,3.9,LT-1 Domestic,TX048,F06,2025-01-01
C00056,residential,3.98,LT-1 Domestic,TX068,F09,2026-05-16
C00057,residential,2.54,LT-1 Domestic,TX022,F03,2025-01-01
C00058,residential,2.15,LT-1 Domestic,TX055,F07,2025-01-01
C00059,residential,2.45,LT-1 Domestic,TX070,F09,2025-01-01
C00060,commercial,3.79,LT-2 Commercial,TX069,F09,2025-01-01
C00061,residential,2.64,LT-1 Domestic,TX085,F11,2026-05-06
C00062,residential,1.93,LT-1 Domestic,TX099,F13,2025-01-01
C00063,residential,1.31,LT-1 Domestic,TX017,F03,2025-01-01
C00064,residential,4.45,LT-1 Domestic,TX036,F05,2025-01-01
C00065,industrial,3.21,HT-1 Industrial,TX002,F01,2025-01-01
C00066,industrial,7.9,HT-1 Industrial,TX080,F10,2025-01-01
C00067,residential,1.47,LT-1 Domestic,TX064,F08,2025-01-01
C00068,residential,2.65,LT-1 Domestic,TX090,F12,2025-01-01
C00069,commercial,3.86,LT-2 Commercial,TX008,F01,2025-01-01
C00070,residential,4.13,LT-1 Domestic,TX022,F03,2025-01-01
C00071,residential,1.2,LT-1 Domestic,TX080,F10,2025-01-01
C00072,residential,2.83,LT-1 Domestic,TX009,F02,2025-01-01
C00073,commercial,5.1,LT-2 Commercial,TX002,F01,2025-01-01
C00074,industrial,23.53,HT-1 Industrial,TX022,F03,2025-01-01
C00075,commercial,6.98,LT-2 Commercial,TX037,F05,2025-01-01
C00076,residential,2.58,LT-1 Domestic,TX087,F11,2026-04-28
C00077,residential,3.69,LT-1 Domestic,TX003,F01,2025-01-01
C00078,industrial,4.64,HT-1 Industrial,TX053,F07,2025-01-01
C00079,residential,1.78,LT-1 Domestic,TX099,F13,2025-01-01
C00080,residential,2.72,LT-1 Domestic,TX026,F04,2025-01-01
C00081,residential,4.18,LT-1 Domestic,TX044,F06,2025-01-01
C00082,residential,2.96,LT-1 Domestic,TX050,F07,2025-01-01
C00083,residential,3.1,LT-1 Domestic,TX019,F03,2025-01-01
C00084,residential,2.59,LT-1 Domestic,TX029,F04,2025-01-01
C00085,residential,1.77,LT-1 Domestic,TX045,F06,2025-01-01
C00086,residential,2.84,LT-1 Domestic,TX034,F05,2025-01-01
C00087,residential,1.17,LT-1 Domestic,TX037,F05,2025-01-01
C00088,residential,1.41,LT-1 Domestic,TX012,F02,2025-01-01
C00089,residential,1.17,LT-1 Domestic,TX041,F06,2025-01-01
C00090,commercial,5.56,LT-2 Commercial,TX036,F05,2025-01-01
C00091,industrial,20.43,HT-1 Industrial,TX031,F04,2025-01-01
C00092,residential,2.81,LT-1 Domestic,TX096,F12,2025-01-01
C00093,industrial,10.41,HT-1 Industrial,TX024,F03,2025-01-01
C00094,commercial,4.85,LT-2 Commercial,TX083,F11,2025-01-01
C00095,residential,1.23,LT-1 Domestic,TX078,F10,2025-01-01
C00096,residential,2.77,LT-1 Domestic,TX064,F08,2025-01-01
C00097,residential,1.41,LT-1 Domestic,TX050,F07,2025-01-01
C00098,industrial,12.18,HT-1 Industrial,TX087,F11,2025-01-01
C00099,residential,4.6,LT-1 Domestic,TX087,F11,2025-01-01
C00100,residential,0.8,LT-1 Domestic,TX003,F01,2025-01-01
C00101,commercial,9.27,LT-2 Commercial,TX055,F07,2025-01-01
C00102,residential,0.79,LT-1 Domestic,TX051,F07,2025-01-01
C00103,residential,2.38,LT-1 Domestic,TX019,F03,2026-05-11
C00104,residential,0.98,LT-1 Domestic,TX048,F06,2025-01-01
C00105,commercial,2.96,LT-2 Commercial,TX079,F10,2025-01-01
C00106,residential,3.4,LT-1 Domestic,TX095,F12,2025-01-01
C00107,residential,3.46,LT-1 Domestic,TX008,F01,2025-01-01
C00108,commercial,3.49,LT-2 Commercial,TX001,F01,2025-01-01
C00109,residential,2.96,LT-1 Domestic,TX058,F08,2025-01-01
C00110,residential,2.26,LT-1 Domestic,TX046,F06,2025-01-01
C00111,residential,1.74,LT-1 Domestic,TX076,F10,2025-01-01
C00112,residential,1.63,LT-1 Domestic,TX049,F07,2025-01-01
C00113,residential,0.87,LT-1 Domestic,TX038,F05,2025-01-01
C00114,residential,2.71,LT-1 Domestic,TX018,F03,2025-01-01
C00115,residential,2.61,LT-1 Domestic,TX089,F12,2026-04-24
C00116,residential,2.6,LT-1 Domestic,TX050,F07,2025-01-01
C00117,residential,4.02,LT-1 Domestic,TX095,F12,2025-01-01
C00118,residential,1.11,LT-1 Domestic,TX036,F05,2025-01-01
C00119,residential,6.88,LT-1 Domestic,TX076,F10,2025-01-01
C00120,residential,2.27,LT-1 Domestic,TX070,F09,2025-01-01
C00121,residential,3.2,LT-1 Domestic,TX063,F08,2025-01-01
C00122,commercial,3.71,LT-2 Commercial,TX026,F04,2025-01-01
C00123,residential,3.6,LT-1 Domestic,TX092,F12,2025-01-01
C00124,residential,2.78,LT-1 Domestic,TX093,F12,2025-01-01
C00125,residential,3.21,LT-1 Domestic,TX011,F02,2025-01-01
C00126,residential,1.5,LT-1 Domestic,TX087,F11,2025-01-01
C00127,residential,1.27,LT-1 Domestic,TX017,F03,2025-01-01
C00128,commercial,5.39,LT-2 Commercial,TX092,F12,2025-01-01
C00129,residential,3.71,LT-1 Domestic,TX020,F03,2025-01-01
C00130,residential,4.33,LT-1 Domestic,TX068,F09,2025-01-01
C00131,industrial,5.52,HT-1 Industrial,TX064,F08,2025-01-01
C00132,residential,3.0,LT-1 Domestic,TX088,F11,2025-01-01
C00133,commercial,4.02,LT-2 Commercial,TX022,F03,2025-01-01
C00134,commercial,5.86,LT-2 Commercial,TX074,F10,2025-01-01
C00135,residential,2.9,LT-1 Domestic,TX029,F04,2025-01-01
C00136,residential,7.07,LT-1 Domestic,TX058,F08,2026-03-29
C00137,commercial,9.22,LT-2 Commercial,TX040,F05,2025-01-01
C00138,commercial,5.68,LT-2 Commercial,TX035,F05,2025-01-01
C00139,residential,1.29,LT-1 Domestic,TX045,F06,2025-01-01
C00140,residential,2.23,LT-1 Domestic,TX020,F03,2025-01-01
C00141,residential,2.19,LT-1 Domestic,TX057,F08,2025-01-01
C00142,residential,3.53,LT-1 Domestic,TX049,F07,2025-01-01
C00143,residential,3.41,LT-1 Domestic,TX015,F02,2025-01-01
C00144,residential,2.14,LT-1 Domestic,TX059,F08,2026-05-06
C00145,industrial,14.25,HT-1 Industrial,TX005,F01,2025-01-01
C00146,residential,9.82,LT-1 Domestic,TX056,F07,2025-01-01
C00147,residential,4.5,LT-1 Domestic,TX007,F01,2025-01-01
C00148,residential,1.92,LT-1 Domestic,TX085,F11,2025-01-01
C00149,residential,0.84,LT-1 Domestic,TX015,F02,2025-01-01
C00150,residential,1.52,LT-1 Domestic,TX097,F13,2026-04-11
C00151,industrial,3.42,HT-1 Industrial,TX030,F04,2025-01-01
C00152,residential,3.76,LT-1 Domestic,TX013,F02,2025-01-01
C00153,residential,0.92,LT-1 Domestic,TX056,F07,2025-01-01
C00154,residential,2.18,LT-1 Domestic,TX062,F08,2025-01-01
C00155,residential,1.54,LT-1 Domestic,TX092,F12,2025-01-01
C00156,residential,2.43,LT-1 Domestic,TX054,F07,2025-01-01
C00157,commercial,5.05,LT-2 Commercial,TX056,F07,2025-01-01
C00158,residential,5.04,LT-1 Domestic,TX079,F10,2025-01-01
C00159,residential,2.03,LT-1 Domestic,TX056,F07,2026-05-07
C00160,commercial,2.8,LT-2 Commercial,TX091,F12,2025-01-01
C00161,residential,0.74,LT-1 Domestic,TX039,F05,2025-01-01
C00162,residential,1.29,LT-1 Domestic,TX032,F04,2025-01-01
C00163,residential,3.94,LT-1 Domestic,TX086,F11,2025-01-01
C00164,commercial,2.06,LT-2 Commercial,TX045,F06,2025-01-01
C00165,residential,3.01,LT-1 Domestic,TX036,F05,2025-01-01
C00166,residential,2.94,LT-1 Domestic,TX057,F08,2025-01-01
C00167,industrial,14.05,HT-1 Industrial,TX012,F02,2025-01-01
C00168,residential,2.86,LT-1 Domestic,TX008,F01,2025-01-01
C00169,residential,2.37,LT-1 Domestic,TX055,F07,2025-01-01
C00170,residential,2.11,LT-1 Domestic,TX050,F07,2025-01-01
C00171,residential,0.91,LT-1 Domestic,TX096,F12,2025-01-01
C00172,residential,2.64,LT-1 Domestic,TX014,F02,2025-01-01
C00173,residential,3.24,LT-1 Domestic,TX084,F11,2025-01-01
C00174,industrial,12.05,HT-1 Industrial,TX065,F09,2025-01-01
C00175,industrial,5.88,HT-1 Industrial,TX088,F11,2025-01-01
C00176,residential,0.91,LT-1 Domestic,TX047,F06,2025-01-01
C00177,commercial,11.58,LT-2 Commercial,TX088,F11,2025-01-01
C00178,residential,1.94,LT-1 Domestic,TX058,F08,2025-01-01
C00179,commercial,3.79,LT-2 Commercial,TX069,F09,2025-01-01
C00180,residential,2.4,LT-1 Domestic,TX053,F07,2025-01-01
C00181,commercial,5.23,LT-2 Commercial,TX032,F04,2025-01-01
C00182,commercial,5.67,LT-2 Commercial,TX036,F05,2025-01-01
C00183,commercial,4.9,LT-2 Commercial,TX056,F07,2025-01-01
C00184,industrial,5.71,HT-1 Industrial,TX086,F11,2025-01-01
C00185,residential,1.63,LT-1 Domestic,TX088,F11,2025-01-01
C00186,residential,1.64,LT-1 Domestic,TX087,F11,2025-01-01
C00187,commercial,4.72,LT-2 Commercial,TX041,F06,2025-01-01
C00188,residential,1.73,LT-1 Domestic,TX098,F13,2025-01-01
C00189,residential,5.39,LT-1 Domestic,TX072,F09,2025-01-01
C00190,residential,3.24,LT-1 Domestic,TX015,F02,2025-01-01
C00191,residential,1.42,LT-1 Domestic,TX005,F01,2025-01-01
C00192,residential,1.83,LT-1 Domestic,TX059,F08,2025-01-01
C00193,residential,2.38,LT-1 Domestic,TX066,F09,2025-01-01
C00194,residential,1.89,LT-1 Domestic,TX012,F02,2025-01-01
C00195,residential,3.79,LT-1 Domestic,TX039,F05,2025-01-01
C00196,residential,1.88,LT-1 Domestic,TX027,F04,2025-01-01
C00197,industrial,3.98,HT-1 Industrial,TX004,F01,2025-01-01
C00198,residential,1.11,LT-1 Domestic,TX038,F05,2025-01-01
C00199,residential,2.26,LT-1 Domestic,TX090,F12,2025-01-01
C00200,residential,1.92,LT-1 Domestic,TX014,F02,2025-01-01
C00201,commercial,3.0,LT-2 Commercial,TX091,F12,2025-01-01
C00202,residential,0.88,LT-1 Domestic,TX078,F10,2025-01-01
C00203,residential,1.92,LT-1 Domestic,TX036,F05,2025-01-01
C00204,commercial,8.61,LT-2 Commercial,TX058,F08,2025-01-01
C00205,commercial,5.13,LT-2 Commercial,TX010,F02,2025-01-01
C00206,commercial,5.0,LT-2 Commercial,TX011,F02,2025-01-01
C00207,residential,1.41,LT-1 Domestic,TX054,F07,2025-01-01
C00208,residential,1.1,LT-1 Domestic,TX035,F05,2025-01-01
C00209,commercial,8.83,LT-2 Commercial,TX011,F02,2025-01-01
C00210,commercial,6.98,LT-2 Commercial,TX066,F09,2025-01-01
C00211,residential,4.34,LT-1 Domestic,TX007,F01,2025-01-01
C00212,residential,4.78,LT-1 Domestic,TX003,F01,2025-01-01
C00213,residential,4.15,LT-1 Domestic,TX015,F02,2025-01-01
C00214,residential,1.58,LT-1 Domestic,TX055,F07,2025-01-01
C00215,residential,1.81,LT-1 Domestic,TX003,F01,2025-01-01
C00216,residential,3.03,LT-1 Domestic,TX083,F11,2025-01-01
C00217,residential,4.31,LT-1 Domestic,TX004,F01,2025-01-01
C00218,industrial,5.86,HT-1 Industrial,TX001,F01,2025-01-01
C00219,residential,1.29,LT-1 Domestic,TX047,F06,2025-01-01
C00220,residential,4.57,LT-1 Domestic,TX027,F04,2025-01-01
C00221,residential,2.4,LT-1 Domestic,TX007,F01,2025-01-01
C00222,residential,3.4,LT-1 Domestic,TX081,F11,2026-04-26
C00223,residential,4.81,LT-1 Domestic,TX075,F10,2026-03-30
C00224,residential,2.72,LT-1 Domestic,TX092,F12,2025-01-01
C00225,residential,5.41,LT-1 Domestic,TX031,F04,2025-01-01
C00226,residential,3.22,LT-1 Domestic,TX015,F02,2026-05-18
C00227,residential,2.08,LT-1 Domestic,TX063,F08,2025-01-01
C00228,industrial,6.19,HT-1 Industrial,TX092,F12,2025-01-01
C00229,residential,5.46,LT-1 Domestic,TX071,F09,2025-01-01
C00230,commercial,3.1,LT-2 Commercial,TX035,F05,2025-01-01
C00231,residential,0.96,LT-1 Domestic,TX046,F06,2025-01-01
C00232,residential,3.23,LT-1 Domestic,TX019,F03,2025-01-01
C00233,commercial,7.47,LT-2 Commercial,TX045,F06,2026-04-26
C00234,residential,3.58,LT-1 Domestic,TX011,F02,2025-01-01
C00235,residential,1.58,LT-1 Domestic,TX093,F12,2025-01-01
C00236,residential,1.85,LT-1 Domestic,TX065,F09,2025-01-01
C00237,residential,1.19,LT-1 Domestic,TX052,F07,2025-01-01
C00238,residential,3.1,LT-1 Domestic,TX023,F03,2026-03-30
C00239,residential,2.71,LT-1 Domestic,TX090,F12,2025-01-01
C00240,residential,4.18,LT-1 Domestic,TX096,F12,2025-01-01
C00241,commercial,6.27,LT-2 Commercial,TX089,F12,2025-01-01
C00242,industrial,12.55,HT-1 Industrial,TX005,F01,2025-01-01
C00243,industrial,11.3,HT-1 Industrial,TX100,F13,2025-01-01
C00244,residential,1.67,LT-1 Domestic,TX067,F09,2025-01-01
C00245,residential,1.76,LT-1 Domestic,TX084,F11,2026-04-12
C00246,residential,11.71,LT-1 Domestic,TX063,F08,2025-01-01
C00247,residential,2.67,LT-1 Domestic,TX082,F11,2025-01-01
C00248,residential,2.28,LT-1 Domestic,TX069,F09,2025-01-01
C00249,residential,0.98,LT-1 Domestic,TX067,F09,2025-01-01
C00250,residential,0.99,LT-1 Domestic,TX065,F09,2025-01-01
C00251,industrial,10.33,HT-1 Industrial,TX037,F05,2025-01-01
C00252,residential,2.69,LT-1 Domestic,TX047,F06,2025-01-01
C00253,residential,1.3,LT-1 Domestic,TX076,F10,2025-01-01
C00254,industrial,7.53,HT-1 Industrial,TX030,F04,2025-01-01
C00255,residential,3.71,LT-1 Domestic,TX017,F03,2025-01-01
C00256,commercial,9.96,LT-2 Commercial,TX003,F01,2025-01-01
C00257,residential,1.5,LT-1 Domestic,TX073,F10,2025-01-01
C00258,industrial,8.2,HT-1 Industrial,TX060,F08,2025-01-01
C00259,industrial,9.92,HT-1 Industrial,TX005,F01,2025-01-01
C00260,residential,1.41,LT-1 Domestic,TX022,F03,2025-01-01
C00261,industrial,20.05,HT-1 Industrial,TX032,F04,2025-01-01
C00262,residential,1.27,LT-1 Domestic,TX097,F13,2025-01-01
C00263,residential,1.14,LT-1 Domestic,TX070,F09,2025-01-01
C00264,commercial,4.71,LT-2 Commercial,TX052,F07,2025-01-01
C00265,residential,1.12,LT-1 Domestic,TX043,F06,2025-01-01
C00266,residential,1.47,LT-1 Domestic,TX066,F09,2025-01-01
C00267,residential,2.2,LT-1 Domestic,TX055,F07,2025-01-01
C00268,residential,3.07,LT-1 Domestic,TX017,F03,2025-01-01
C00269,commercial,4.54,LT-2 Commercial,TX031,F04,2025-01-01
C00270,residential,2.22,LT-1 Domestic,TX054,F07,2025-01-01
C00271,residential,1.33,LT-1 Domestic,TX096,F12,2025-01-01
C00272,industrial,7.38,HT-1 Industrial,TX003,F01,2025-01-01
C00273,industrial,11.35,HT-1 Industrial,TX068,F09,2025-01-01
C00274,commercial,12.8,LT-2 Commercial,TX063,F08,2025-01-01
C00275,residential,1.4,LT-1 Domestic,TX029,F04,2025-01-01
C00276,residential,4.22,LT-1 Domestic,TX062,F08,2025-01-01
C00277,residential,1.68,LT-1 Domestic,TX057,F08,2025-01-01
C00278,residential,1.23,LT-1 Domestic,TX080,F10,2025-01-01
C00279,residential,1.35,LT-1 Domestic,TX072,F09,2025-01-01
C00280,residential,2.12,LT-1 Domestic,TX036,F05,2026-04-04
C00281,commercial,9.29,LT-2 Commercial,TX018,F03,2025-01-01
C00282,residential,1.83,LT-1 Domestic,TX087,F11,2025-01-01
C00283,residential,3.59,LT-1 Domestic,TX001,F01,2025-01-01
C00284,residential,2.75,LT-1 Domestic,TX028,F04,2025-01-01
C00285,commercial,9.57,LT-2 Commercial,TX075,F10,2025-01-01
C00286,commercial,3.4,LT-2 Commercial,TX029,F04,2025-01-01
C00287,commercial,6.75,LT-2 Commercial,TX035,F05,2026-04-14
C00288,industrial,26.65,HT-1 Industrial,TX096,F12,2025-01-01
C00289,residential,1.68,LT-1 Domestic,TX063,F08,2025-01-01
C00290,commercial,2.68,LT-2 Commercial,TX035,F05,2025-01-01
C00291,residential,4.14,LT-1 Domestic,TX004,F01,2025-01-01
C00292,residential,1.69,LT-1 Domestic,TX027,F04,2025-01-01
C00293,industrial,8.8,HT-1 Industrial,TX042,F06,2025-01-01
C00294,residential,1.78,LT-1 Domestic,TX028,F04,2025-01-01
C00295,commercial,9.31,LT-2 Commercial,TX018,F03,2025-01-01
C00296,residential,2.67,LT-1 Domestic,TX047,F06,2026-04-07
C00297,residential,2.14,LT-1 Domestic,TX033,F05,2025-01-01
C00298,residential,3.12,LT-1 Domestic,TX081,F11,2025-01-01
C00299,residential,2.86,LT-1 Domestic,TX040,F05,2025-01-01
C00300,commercial,10.52,LT-2 Commercial,TX026,F04,2025-01-01
C00301,commercial,11.7,LT-2 Commercial,TX032,F04,2025-01-01
C00302,residential,2.2,LT-1 Domestic,TX001,F01,2025-01-01
C00303,residential,5.16,LT-1 Domestic,TX072,F09,2025-01-01
C00304,residential,3.37,LT-1 Domestic,TX007,F01,2025-01-01
C00305,residential,2.25,LT-1 Domestic,TX072,F09,2025-01-01
C00306,residential,1.34,LT-1 Domestic,TX099,F13,2025-01-01
C00307,residential,1.68,LT-1 Domestic,TX010,F02,2025-01-01
C00308,residential,2.97,LT-1 Domestic,TX032,F04,2025-01-01
C00309,residential,1.36,LT-1 Domestic,TX075,F10,2025-01-01
C00310,residential,2.87,LT-1 Domestic,TX059,F08,2025-01-01
C00311,residential,2.07,LT-1 Domestic,TX099,F13,2025-01-01
C00312,commercial,7.89,LT-2 Commercial,TX043,F06,2025-01-01
C00313,residential,1.39,LT-1 Domestic,TX093,F12,2025-01-01
C00314,commercial,2.21,LT-2 Commercial,TX020,F03,2025-01-01
C00315,commercial,2.25,LT-2 Commercial,TX047,F06,2025-01-01
C00316,residential,5.83,LT-1 Domestic,TX045,F06,2026-05-10
C00317,residential,1.48,LT-1 Domestic,TX023,F03,2025-01-01
C00318,residential,1.25,LT-1 Domestic,TX002,F01,2025-01-01
C00319,residential,2.66,LT-1 Domestic,TX004,F01,2025-01-01
C00320,residential,3.76,LT-1 Domestic,TX035,F05,2025-01-01
C00321,commercial,2.98,LT-2 Commercial,TX032,F04,2025-01-01
C00322,commercial,9.77,LT-2 Commercial,TX023,F03,2025-01-01
C00323,residential,2.46,LT-1 Domestic,TX045,F06,2025-01-01
C00324,commercial,4.34,LT-2 Commercial,TX077,F10,2025-01-01
C00325,residential,2.32,LT-1 Domestic,TX078,F10,2025-01-01
C00326,commercial,1.93,LT-2 Commercial,TX084,F11,2025-01-01
C00327,residential,3.32,LT-1 Domestic,TX044,F06,2025-01-01
C00328,residential,4.26,LT-1 Domestic,TX002,F01,2025-01-01
C00329,commercial,3.78,LT-2 Commercial,TX069,F09,2025-01-01
C00330,commercial,3.64,LT-2 Commercial,TX006,F01,2025-01-01
C00331,residential,0.98,LT-1 Domestic,TX019,F03,2025-01-01
C00332,commercial,6.0,LT-2 Commercial,TX017,F03,2025-01-01
C00333,residential,4.05,LT-1 Domestic,TX083,F11,2026-05-04
C00334,residential,5.49,LT-1 Domestic,TX020,F03,2025-01-01
C00335,commercial,6.71,LT-2 Commercial,TX047,F06,2025-01-01
C00336,residential,1.26,LT-1 Domestic,TX062,F08,2025-01-01
C00337,commercial,11.92,LT-2 Commercial,TX088,F11,2025-01-01
C00338,residential,1.94,LT-1 Domestic,TX093,F12,2025-01-01
C00339,industrial,13.28,HT-1 Industrial,TX023,F03,2025-01-01
C00340,industrial,7.18,HT-1 Industrial,TX073,F10,2025-01-01
C00341,industrial,6.87,HT-1 Industrial,TX034,F05,2025-01-01
C00342,industrial,7.27,HT-1 Industrial,TX034,F05,2025-01-01
C00343,residential,3.91,LT-1 Domestic,TX004,F01,2026-04-26
C00344,residential,4.29,LT-1 Domestic,TX075,F10,2025-01-01
C00345,commercial,5.85,LT-2 Commercial,TX096,F12,2025-01-01
C00346,residential,0.42,LT-1 Domestic,TX069,F09,2025-01-01
C00347,residential,6.76,LT-1 Domestic,TX033,F05,2025-01-01
C00348,residential,1.07,LT-1 Domestic,TX020,F03,2026-04-24
C00349,residential,3.89,LT-1 Domestic,TX079,F10,2025-01-01
C00350,commercial,6.06,LT-2 Commercial,TX031,F04,2025-01-01
C00351,residential,4.05,LT-1 Domestic,TX062,F08,2025-01-01
C00352,commercial,7.4,LT-2 Commercial,TX039,F05,2025-01-01
C00353,residential,1.47,LT-1 Domestic,TX076,F10,2025-01-01
C00354,residential,1.83,LT-1 Domestic,TX040,F05,2025-01-01
C00355,residential,1.37,LT-1 Domestic,TX050,F07,2025-01-01
C00356,residential,1.85,LT-1 Domestic,TX070,F09,2025-01-01
C00357,residential,3.83,LT-1 Domestic,TX089,F12,2025-01-01
C00358,residential,3.1,LT-1 Domestic,TX021,F03,2025-01-01
C00359,residential,0.48,LT-1 Domestic,TX088,F11,2025-01-01
C00360,residential,2.88,LT-1 Domestic,TX016,F02,2026-05-12
C00361,residential,1.33,LT-1 Domestic,TX076,F10,2025-01-01
C00362,residential,5.56,LT-1 Domestic,TX073,F10,2025-01-01
C00363,commercial,5.44,LT-2 Commercial,TX034,F05,2025-01-01
C00364,commercial,6.77,LT-2 Commercial,TX093,F12,2025-01-01
C00365,industrial,15.16,HT-1 Industrial,TX077,F10,2025-01-01
C00366,residential,2.3,LT-1 Domestic,TX058,F08,2025-01-01
C00367,commercial,3.03,LT-2 Commercial,TX071,F09,2025-01-01
C00368,residential,2.96,LT-1 Domestic,TX046,F06,2025-01-01
C00369,industrial,15.92,HT-1 Industrial,TX032,F04,2025-01-01
C00370,residential,3.65,LT-1 Domestic,TX051,F07,2025-01-01
C00371,residential,3.23,LT-1 Domestic,TX065,F09,2025-01-01
C00372,residential,2.64,LT-1 Domestic,TX049,F07,2025-01-01
C00373,commercial,5.93,LT-2 Commercial,TX005,F01,2025-01-01
C00374,residential,1.96,LT-1 Domestic,TX020,F03,2025-01-01
C00375,industrial,14.81,HT-1 Industrial,TX054,F07,2025-01-01
C00376,residential,9.55,LT-1 Domestic,TX016,F02,2025-01-01
C00377,commercial,2.89,LT-2 Commercial,TX071,F09,2025-01-01
C00378,residential,6.67,LT-1 Domestic,TX026,F04,2025-01-01
C00379,residential,4.88,LT-1 Domestic,TX061,F08,2025-01-01
C00380,residential,4.26,LT-1 Domestic,TX039,F05,2025-01-01
C00381,residential,7.1,LT-1 Domestic,TX024,F03,2025-01-01
C00382,residential,1.93,LT-1 Domestic,TX086,F11,2025-01-01
C00383,residential,5.26,LT-1 Domestic,TX037,F05,2025-01-01
C00384,residential,4.34,LT-1 Domestic,TX044,F06,2025-01-01
C00385,residential,3.54,LT-1 Domestic,TX090,F12,2025-01-01
C00386,residential,2.74,LT-1 Domestic,TX082,F11,2025-01-01
C00387,residential,1.4,LT-1 Domestic,TX013,F02,2025-01-01
C00388,industrial,11.06,HT-1 Industrial,TX019,F03,2025-01-01
C00389,residential,1.46,LT-1 Domestic,TX079,F10,2025-01-01
C00390,residential,2.32,LT-1 Domestic,TX062,F08,2025-01-01
C00391,commercial,11.86,LT-2 Commercial,TX067,F09,2025-01-01
C00392,residential,1.09,LT-1 Domestic,TX022,F03,2025-01-01
C00393,residential,2.03,LT-1 Domestic,TX099,F13,2025-01-01
C00394,residential,2.05,LT-1 Domestic,TX095,F12,2025-01-01
C00395,residential,1.88,LT-1 Domestic,TX039,F05,2025-01-01
C00396,residential,6.39,LT-1 Domestic,TX035,F05,2025-01-01
C00397,residential,1.28,LT-1 Domestic,TX067,F09,2025-01-01
C00398,commercial,6.42,LT-2 Commercial,TX028,F04,2025-01-01
C00399,residential,0.53,LT-1 Domestic,TX019,F03,2025-01-01
C00400,residential,3.15,LT-1 Domestic,TX018,F03,2025-01-01
C00401,residential,1.74,LT-1 Domestic,TX097,F13,2025-01-01
C00402,residential,1.46,LT-1 Domestic,TX015,F02,2025-01-01
C00403,residential,3.27,LT-1 Domestic,TX023,F03,2025-01-01
C00404,residential,0.66,LT-1 Domestic,TX077,F10,2025-01-01
C00405,residential,4.74,LT-1 Domestic,TX068,F09,2025-01-01
C00406,residential,2.91,LT-1 Domestic,TX078,F10,2025-01-01
C00407,residential,1.87,LT-1 Domestic,TX015,F02,2026-04-23
C00408,commercial,5.11,LT-2 Commercial,TX023,F03,2025-01-01
C00409,residential,1.74,LT-1 Domestic,TX023,F03,2025-01-01
C00410,commercial,2.95,LT-2 Commercial,TX090,F12,2025-01-01
C00411,residential,2.26,LT-1 Domestic,TX075,F10,2025-01-01
C00412,commercial,5.38,LT-2 Commercial,TX017,F03,2025-01-01
C00413,industrial,22.61,HT-1 Industrial,TX085,F11,2025-01-01
C00414,residential,1.0,LT-1 Domestic,TX052,F07,2025-01-01
C00415,residential,1.37,LT-1 Domestic,TX043,F06,2025-01-01
C00416,residential,6.26,LT-1 Domestic,TX048,F06,2025-01-01
C00417,commercial,16.92,LT-2 Commercial,TX012,F02,2025-01-01
C00418,residential,2.13,LT-1 Domestic,TX001,F01,2025-01-01
C00419,residential,1.01,LT-1 Domestic,TX076,F10,2025-01-01
C00420,residential,1.21,LT-1 Domestic,TX034,F05,2025-01-01
C00421,residential,2.89,LT-1 Domestic,TX007,F01,2025-01-01
C00422,residential,4.6,LT-1 Domestic,TX091,F12,2025-01-01
C00423,residential,2.7,LT-1 Domestic,TX024,F03,2025-01-01
C00424,commercial,14.75,LT-2 Commercial,TX068,F09,2025-01-01
C00425,residential,3.36,LT-1 Domestic,TX050,F07,2025-01-01
C00426,residential,5.24,LT-1 Domestic,TX017,F03,2025-01-01
C00427,residential,5.09,LT-1 Domestic,TX009,F02,2025-01-01
C00428,residential,1.15,LT-1 Domestic,TX043,F06,2025-01-01
C00429,industrial,3.87,HT-1 Industrial,TX092,F12,2025-01-01
C00430,commercial,8.34,LT-2 Commercial,TX046,F06,2025-01-01
C00431,residential,3.05,LT-1 Domestic,TX051,F07,2026-04-14
C00432,residential,2.89,LT-1 Domestic,TX070,F09,2025-01-01
C00433,residential,2.07,LT-1 Domestic,TX001,F01,2025-01-01
C00434,industrial,14.27,HT-1 Industrial,TX042,F06,2025-01-01
C00435,residential,4.26,LT-1 Domestic,TX088,F11,2025-01-01
C00436,residential,2.21,LT-1 Domestic,TX087,F11,2025-01-01
C00437,commercial,4.24,LT-2 Commercial,TX059,F08,2025-01-01
C00438,residential,1.84,LT-1 Domestic,TX028,F04,2025-01-01
C00439,residential,1.56,LT-1 Domestic,TX075,F10,2025-01-01
C00440,residential,0.53,LT-1 Domestic,TX100,F13,2025-01-01
C00441,commercial,5.63,LT-2 Commercial,TX025,F04,2025-01-01
C00442,residential,0.84,LT-1 Domestic,TX009,F02,2025-01-01
C00443,commercial,1.87,LT-2 Commercial,TX005,F01,2025-01-01
C00444,residential,0.89,LT-1 Domestic,TX029,F04,2025-01-01
C00445,residential,2.41,LT-1 Domestic,TX076,F10,2025-01-01
C00446,residential,1.89,LT-1 Domestic,TX076,F10,2025-01-01
C00447,commercial,6.86,LT-2 Commercial,TX013,F02,2025-01-01
C00448,residential,4.6,LT-1 Domestic,TX091,F12,2025-01-01
C00449,residential,6.12,LT-1 Domestic,TX040,F05,2025-01-01
C00450,residential,5.04,LT-1 Domestic,TX003,F01,2025-01-01
C00451,industrial,9.06,HT-1 Industrial,TX051,F07,2025-01-01
C00452,residential,2.71,LT-1 Domestic,TX068,F09,2025-01-01
C00453,residential,3.83,LT-1 Domestic,TX030,F04,2025-01-01
C00454,residential,4.03,LT-1 Domestic,TX028,F04,2025-01-01
C00455,residential,2.36,LT-1 Domestic,TX044,F06,2025-01-01
C00456,residential,1.76,LT-1 Domestic,TX010,F02,2025-01-01
C00457,commercial,5.91,LT-2 Commercial,TX083,F11,2025-01-01
C00458,commercial,7.5,LT-2 Commercial,TX088,F11,2025-01-01
C00459,residential,6.47,LT-1 Domestic,TX057,F08,2026-04-14
C00460,residential,2.41,LT-1 Domestic,TX005,F01,2025-01-01
C00461,commercial,5.12,LT-2 Commercial,TX098,F13,2025-01-01
C00462,residential,3.48,LT-1 Domestic,TX031,F04,2025-01-01
C00463,industrial,10.5,HT-1 Industrial,TX027,F04,2025-01-01
C00464,residential,2.26,LT-1 Domestic,TX052,F07,2025-01-01
C00465,residential,3.56,LT-1 Domestic,TX065,F09,2025-01-01
C00466,residential,1.8,LT-1 Domestic,TX010,F02,2025-01-01
C00467,residential,1.47,LT-1 Domestic,TX064,F08,2026-03-30
C00468,residential,12.08,LT-1 Domestic,TX030,F04,2025-01-01
C00469,residential,1.53,LT-1 Domestic,TX035,F05,2025-01-01
C00470,residential,1.3,LT-1 Domestic,TX093,F12,2025-01-01
C00471,residential,2.92,LT-1 Domestic,TX045,F06,2025-01-01
C00472,residential,2.02,LT-1 Domestic,TX007,F01,2025-01-01
C00473,residential,1.85,LT-1 Domestic,TX015,F02,2026-04-10
C00474,commercial,3.96,LT-2 Commercial,TX027,F04,2025-01-01
C00475,residential,2.3,LT-1 Domestic,TX086,F11,2025-01-01
C00476,commercial,15.28,LT-2 Commercial,TX019,F03,2025-01-01
C00477,commercial,5.56,LT-2 Commercial,TX056,F07,2025-01-01
C00478,commercial,4.06,LT-2 Commercial,TX025,F04,2025-01-01
C00479,residential,5.55,LT-1 Domestic,TX073,F10,2025-01-01
C00480,commercial,3.77,LT-2 Commercial,TX010,F02,2025-01-01
C00481,residential,2.33,LT-1 Domestic,TX032,F04,2026-04-15
C00482,residential,1.23,LT-1 Domestic,TX047,F06,2025-01-01
C00483,residential,2.09,LT-1 Domestic,TX034,F05,2025-01-01
C00484,residential,5.5,LT-1 Domestic,TX071,F09,2025-01-01
C00485,residential,0.98,LT-1 Domestic,TX069,F09,2025-01-01
C00486,industrial,6.67,HT-1 Industrial,TX033,F05,2025-01-01
C00487,residential,1.96,LT-1 Domestic,TX098,F13,2025-01-01
C00488,residential,1.55,LT-1 Domestic,TX029,F04,2025-01-01
C00489,commercial,3.06,LT-2 Commercial,TX033,F05,2025-01-01
C00490,residential,4.34,LT-1 Domestic,TX053,F07,2025-01-01
C00491,residential,2.03,LT-1 Domestic,TX018,F03,2025-01-01
C00492,residential,2.01,LT-1 Domestic,TX037,F05,2025-01-01
C00493,commercial,6.67,LT-2 Commercial,TX020,F03,2025-01-01
C00494,residential,2.03,LT-1 Domestic,TX062,F08,2025-01-01
C00495,commercial,8.91,LT-2 Commercial,TX006,F01,2025-01-01
C00496,commercial,12.44,LT-2 Commercial,TX037,F05,2025-01-01
C00497,residential,2.24,LT-1 Domestic,TX092,F12,2025-01-01
C00498,residential,0.77,LT-1 Domestic,TX066,F09,2025-01-01
C00499,residential,2.85,LT-1 Domestic,TX093,F12,2025-01-01
C00500,residential,6.14,LT-1 Domestic,TX025,F04,2025-01-01
C00501,commercial,6.46,LT-2 Commercial,TX083,F11,2025-01-01
C00502,residential,1.3,LT-1 Domestic,TX057,F08,2025-01-01
C00503,commercial,2.44,LT-2 Commercial,TX072,F09,2026-04-06
C00504,residential,1.77,LT-1 Domestic,TX070,F09,2025-01-01
C00505,residential,4.08,LT-1 Domestic,TX095,F12,2025-01-01
C00506,residential,2.93,LT-1 Domestic,TX075,F10,2025-01-01
C00507,residential,0.87,LT-1 Domestic,TX072,F09,2025-01-01
C00508,residential,3.83,LT-1 Domestic,TX047,F06,2025-01-01
C00509,residential,3.97,LT-1 Domestic,TX019,F03,2025-01-01
C00510,commercial,9.12,LT-2 Commercial,TX061,F08,2025-01-01
C00511,residential,5.43,LT-1 Domestic,TX001,F01,2025-01-01
C00512,residential,1.31,LT-1 Domestic,TX052,F07,2025-01-01
C00513,industrial,5.6,HT-1 Industrial,TX088,F11,2025-01-01
C00514,residential,5.12,LT-1 Domestic,TX083,F11,2025-01-01
C00515,residential,5.47,LT-1 Domestic,TX060,F08,2025-01-01
C00516,industrial,6.96,HT-1 Industrial,TX060,F08,2026-04-03
C00517,residential,1.83,LT-1 Domestic,TX094,F12,2025-01-01
C00518,residential,2.94,LT-1 Domestic,TX079,F10,2025-01-01
C00519,residential,3.15,LT-1 Domestic,TX079,F10,2025-01-01
C00520,residential,6.95,LT-1 Domestic,TX035,F05,2025-01-01
C00521,commercial,14.8,LT-2 Commercial,TX069,F09,2025-01-01
C00522,industrial,6.03,HT-1 Industrial,TX014,F02,2025-01-01
C00523,industrial,11.33,HT-1 Industrial,TX095,F12,2025-01-01
C00524,residential,0.97,LT-1 Domestic,TX067,F09,2025-01-01
C00525,residential,3.36,LT-1 Domestic,TX082,F11,2025-01-01
C00526,residential,1.55,LT-1 Domestic,TX049,F07,2026-05-08
C00527,industrial,12.71,HT-1 Industrial,TX064,F08,2025-01-01
C00528,industrial,13.98,HT-1 Industrial,TX091,F12,2025-01-01
C00529,residential,3.61,LT-1 Domestic,TX040,F05,2025-01-01
C00530,industrial,11.19,HT-1 Industrial,TX042,F06,2025-01-01
C00531,commercial,3.76,LT-2 Commercial,TX092,F12,2025-01-01
C00532,commercial,3.12,LT-2 Commercial,TX024,F03,2025-01-01
C00533,residential,5.22,LT-1 Domestic,TX012,F02,2025-01-01
C00534,industrial,10.46,HT-1 Industrial,TX099,F13,2025-01-01
C00535,commercial,4.19,LT-2 Commercial,TX025,F04,2025-01-01
C00536,residential,2.55,LT-1 Domestic,TX056,F07,2025-01-01
C00537,residential,3.27,LT-1 Domestic,TX001,F01,2025-01-01
C00538,residential,4.34,LT-1 Domestic,TX087,F11,2025-01-01
C00539,commercial,2.52,LT-2 Commercial,TX099,F13,2025-01-01
C00540,residential,1.09,LT-1 Domestic,TX054,F07,2025-01-01
C00541,residential,2.38,LT-1 Domestic,TX029,F04,2025-01-01
C00542,commercial,7.38,LT-2 Commercial,TX054,F07,2025-01-01
C00543,commercial,6.13,LT-2 Commercial,TX062,F08,2025-01-01
C00544,residential,3.71,LT-1 Domestic,TX026,F04,2025-01-01
C00545,commercial,9.78,LT-2 Commercial,TX086,F11,2025-01-01
C00546,residential,2.77,LT-1 Domestic,TX085,F11,2025-01-01
C00547,residential,2.93,LT-1 Domestic,TX040,F05,2025-01-01
C00548,residential,2.81,LT-1 Domestic,TX023,F03,2025-01-01
C00549,residential,4.92,LT-1 Domestic,TX031,F04,2025-01-01
C00550,commercial,2.69,LT-2 Commercial,TX096,F12,2025-01-01
C00551,commercial,3.03,LT-2 Commercial,TX049,F07,2025-01-01
C00552,residential,1.28,LT-1 Domestic,TX073,F10,2025-01-01
C00553,residential,2.63,LT-1 Domestic,TX027,F04,2025-01-01
C00554,commercial,2.98,LT-2 Commercial,TX007,F01,2025-01-01
C00555,residential,1.16,LT-1 Domestic,TX039,F05,2025-01-01
C00556,commercial,2.24,LT-2 Commercial,TX007,F01,2025-01-01
C00557,residential,2.05,LT-1 Domestic,TX071,F09,2025-01-01
C00558,residential,0.82,LT-1 Domestic,TX076,F10,2025-01-01
C00559,residential,1.11,LT-1 Domestic,TX058,F08,2025-01-01
C00560,residential,2.33,LT-1 Domestic,TX074,F10,2025-01-01
C00561,commercial,7.11,LT-2 Commercial,TX096,F12,2026-04-25
C00562,residential,1.99,LT-1 Domestic,TX045,F06,2025-01-01
C00563,residential,3.92,LT-1 Domestic,TX082,F11,2025-01-01
C00564,commercial,4.86,LT-2 Commercial,TX029,F04,2025-01-01
C00565,residential,1.72,LT-1 Domestic,TX030,F04,2025-01-01
C00566,residential,1.66,LT-1 Domestic,TX011,F02,2025-01-01
C00567,industrial,5.3,HT-1 Industrial,TX009,F02,2025-01-01
C00568,residential,1.73,LT-1 Domestic,TX058,F08,2025-01-01
C00569,residential,3.8,LT-1 Domestic,TX055,F07,2025-01-01
C00570,industrial,13.42,HT-1 Industrial,TX047,F06,2025-01-01
C00571,commercial,10.34,LT-2 Commercial,TX044,F06,2025-01-01
C00572,industrial,11.62,HT-1 Industrial,TX074,F10,2025-01-01
C00573,residential,3.51,LT-1 Domestic,TX056,F07,2025-01-01
C00574,residential,1.78,LT-1 Domestic,TX052,F07,2025-01-01
C00575,residential,2.12,LT-1 Domestic,TX039,F05,2025-01-01
C00576,residential,1.24,LT-1 Domestic,TX081,F11,2025-01-01
C00577,residential,1.05,LT-1 Domestic,TX088,F11,2025-01-01
C00578,residential,6.85,LT-1 Domestic,TX041,F06,2025-01-01
C00579,residential,2.35,LT-1 Domestic,TX048,F06,2026-04-15
C00580,commercial,6.5,LT-2 Commercial,TX080,F10,2026-04-08
C00581,residential,2.26,LT-1 Domestic,TX022,F03,2025-01-01
C00582,residential,2.09,LT-1 Domestic,TX029,F04,2025-01-01
C00583,residential,1.03,LT-1 Domestic,TX030,F04,2025-01-01
C00584,residential,5.06,LT-1 Domestic,TX078,F10,2025-01-01
C00585,residential,10.47,LT-1 Domestic,TX072,F09,2025-01-01
C00586,residential,1.75,LT-1 Domestic,TX090,F12,2025-01-01
C00587,residential,4.27,LT-1 Domestic,TX034,F05,2025-01-01
C00588,commercial,3.92,LT-2 Commercial,TX043,F06,2025-01-01
C00589,residential,3.33,LT-1 Domestic,TX040,F05,2025-01-01
C00590,residential,5.23,LT-1 Domestic,TX081,F11,2025-01-01
C00591,residential,1.25,LT-1 Domestic,TX045,F06,2025-01-01
C00592,residential,2.63,LT-1 Domestic,TX025,F04,2025-01-01
C00593,industrial,11.55,HT-1 Industrial,TX091,F12,2025-01-01
C00594,residential,1.82,LT-1 Domestic,TX012,F02,2025-01-01
C00595,residential,2.92,LT-1 Domestic,TX043,F06,2025-01-01
C00596,residential,4.68,LT-1 Domestic,TX079,F10,2025-01-01
C00597,commercial,4.68,LT-2 Commercial,TX014,F02,2026-05-01
C00598,residential,2.24,LT-1 Domestic,TX001,F01,2025-01-01
C00599,industrial,7.4,HT-1 Industrial,TX037,F05,2025-01-01
C00600,residential,1.24,LT-1 Domestic,TX004,F01,2025-01-01
C00601,residential,3.1,LT-1 Domestic,TX084,F11,2025-01-01
C00602,commercial,13.2,LT-2 Commercial,TX063,F08,2025-01-01
C00603,residential,2.42,LT-1 Domestic,TX024,F03,2026-03-29
C00604,residential,1.11,LT-1 Domestic,TX030,F04,2025-01-01
C00605,commercial,4.71,LT-2 Commercial,TX074,F10,2025-01-01
C00606,residential,2.99,LT-1 Domestic,TX021,F03,2025-01-01
C00607,industrial,21.55,HT-1 Industrial,TX034,F05,2025-01-01
C00608,residential,2.13,LT-1 Domestic,TX004,F01,2025-01-01
C00609,residential,1.88,LT-1 Domestic,TX089,F12,2025-01-01
C00610,residential,1.11,LT-1 Domestic,TX039,F05,2025-01-01
C00611,industrial,20.96,HT-1 Industrial,TX082,F11,2025-01-01
C00612,residential,4.26,LT-1 Domestic,TX010,F02,2025-01-01
C00613,commercial,3.82,LT-2 Commercial,TX048,F06,2025-01-01
C00614,residential,0.97,LT-1 Domestic,TX089,F12,2025-01-01
C00615,commercial,12.47,LT-2 Commercial,TX054,F07,2025-01-01
C00616,residential,2.46,LT-1 Domestic,TX058,F08,2025-01-01
C00617,residential,2.45,LT-1 Domestic,TX051,F07,2025-01-01
C00618,commercial,1.76,LT-2 Commercial,TX003,F01,2025-01-01
C00619,residential,2.11,LT-1 Domestic,TX054,F07,2025-01-01
C00620,residential,3.64,LT-1 Domestic,TX079,F10,2025-01-01
C00621,commercial,1.75,LT-2 Commercial,TX082,F11,2025-01-01
C00622,commercial,4.79,LT-2 Commercial,TX016,F02,2025-01-01
C00623,commercial,13.38,LT-2 Commercial,TX036,F05,2025-01-01
C00624,residential,0.88,LT-1 Domestic,TX070,F09,2025-01-01
C00625,commercial,4.58,LT-2 Commercial,TX017,F03,2025-01-01
C00626,commercial,3.45,LT-2 Commercial,TX072,F09,2025-01-01
C00627,residential,2.96,LT-1 Domestic,TX055,F07,2025-01-01
C00628,commercial,2.95,LT-2 Commercial,TX035,F05,2025-01-01
C00629,industrial,5.95,HT-1 Industrial,TX011,F02,2025-01-01
C00630,residential,1.13,LT-1 Domestic,TX046,F06,2025-01-01
C00631,residential,2.45,LT-1 Domestic,TX046,F06,2026-04-07
C00632,residential,1.81,LT-1 Domestic,TX078,F10,2025-01-01
C00633,commercial,1.99,LT-2 Commercial,TX072,F09,2025-01-01
C00634,residential,1.28,LT-1 Domestic,TX081,F11,2025-01-01
C00635,industrial,13.44,HT-1 Industrial,TX083,F11,2025-01-01
C00636,industrial,14.8,HT-1 Industrial,TX091,F12,2025-01-01
C00637,commercial,8.51,LT-2 Commercial,TX013,F02,2025-01-01
C00638,commercial,3.96,LT-2 Commercial,TX082,F11,2025-01-01
C00639,residential,3.64,LT-1 Domestic,TX038,F05,2025-01-01
C00640,residential,1.21,LT-1 Domestic,TX063,F08,2025-01-01
C00641,commercial,4.33,LT-2 Commercial,TX033,F05,2026-05-02
C00642,residential,0.73,LT-1 Domestic,TX005,F01,2025-01-01
C00643,residential,1.87,LT-1 Domestic,TX037,F05,2025-01-01
C00644,residential,1.66,LT-1 Domestic,TX070,F09,2025-01-01
C00645,residential,2.77,LT-1 Domestic,TX064,F08,2025-01-01
C00646,residential,2.62,LT-1 Domestic,TX087,F11,2025-01-01
C00647,industrial,11.5,HT-1 Industrial,TX093,F12,2025-01-01
C00648,residential,3.08,LT-1 Domestic,TX012,F02,2025-01-01
C00649,commercial,6.43,LT-2 Commercial,TX090,F12,2025-01-01
C00650,residential,1.83,LT-1 Domestic,TX053,F07,2025-01-01
C00651,commercial,7.83,LT-2 Commercial,TX011,F02,2025-01-01
C00652,industrial,4.52,HT-1 Industrial,TX037,F05,2025-01-01
C00653,residential,4.01,LT-1 Domestic,TX032,F04,2025-01-01
C00654,residential,1.39,LT-1 Domestic,TX010,F02,2025-01-01
C00655,industrial,11.32,HT-1 Industrial,TX095,F12,2025-01-01
C00656,residential,3.47,LT-1 Domestic,TX074,F10,2025-01-01
C00657,industrial,8.9,HT-1 Industrial,TX060,F08,2025-01-01
C00658,industrial,7.39,HT-1 Industrial,TX068,F09,2025-01-01
C00659,industrial,5.66,HT-1 Industrial,TX096,F12,2025-01-01
C00660,commercial,4.49,LT-2 Commercial,TX034,F05,2025-01-01
C00661,residential,2.52,LT-1 Domestic,TX071,F09,2025-01-01
C00662,residential,1.49,LT-1 Domestic,TX037,F05,2025-01-01
C00663,residential,5.85,LT-1 Domestic,TX033,F05,2025-01-01
C00664,residential,2.39,LT-1 Domestic,TX084,F11,2025-01-01
C00665,industrial,5.61,HT-1 Industrial,TX057,F08,2025-01-01
C00666,residential,3.85,LT-1 Domestic,TX004,F01,2025-01-01
C00667,residential,2.36,LT-1 Domestic,TX045,F06,2025-01-01
C00668,industrial,9.41,HT-1 Industrial,TX049,F07,2025-01-01
C00669,industrial,13.84,HT-1 Industrial,TX004,F01,2025-01-01
C00670,residential,4.17,LT-1 Domestic,TX013,F02,2025-01-01
C00671,industrial,8.07,HT-1 Industrial,TX004,F01,2025-01-01
C00672,commercial,2.68,LT-2 Commercial,TX086,F11,2025-01-01
C00673,commercial,4.49,LT-2 Commercial,TX100,F13,2025-01-01
C00674,residential,6.2,LT-1 Domestic,TX098,F13,2025-01-01
C00675,residential,2.51,LT-1 Domestic,TX017,F03,2025-01-01
C00676,residential,1.52,LT-1 Domestic,TX095,F12,2025-01-01
C00677,residential,1.69,LT-1 Domestic,TX052,F07,2025-01-01
C00678,residential,1.24,LT-1 Domestic,TX001,F01,2025-01-01
C00679,residential,4.32,LT-1 Domestic,TX091,F12,2025-01-01
C00680,residential,4.58,LT-1 Domestic,TX095,F12,2025-01-01
C00681,residential,3.54,LT-1 Domestic,TX064,F08,2025-01-01
C00682,residential,2.64,LT-1 Domestic,TX069,F09,2025-01-01
C00683,commercial,4.29,LT-2 Commercial,TX035,F05,2025-01-01
C00684,residential,1.56,LT-1 Domestic,TX068,F09,2026-05-11
C00685,residential,2.56,LT-1 Domestic,TX037,F05,2025-01-01
C00686,commercial,7.41,LT-2 Commercial,TX086,F11,2025-01-01
C00687,commercial,9.75,LT-2 Commercial,TX063,F08,2025-01-01
C00688,residential,0.58,LT-1 Domestic,TX083,F11,2025-01-01
C00689,residential,2.66,LT-1 Domestic,TX007,F01,2025-01-01
C00690,industrial,13.52,HT-1 Industrial,TX047,F06,2025-01-01
C00691,residential,2.28,LT-1 Domestic,TX080,F10,2025-01-01
C00692,residential,2.76,LT-1 Domestic,TX084,F11,2025-01-01
C00693,commercial,2.73,LT-2 Commercial,TX007,F01,2025-01-01
C00694,residential,5.06,LT-1 Domestic,TX076,F10,2025-01-01
C00695,commercial,5.83,LT-2 Commercial,TX006,F01,2025-01-01
C00696,commercial,6.05,LT-2 Commercial,TX046,F06,2026-04-29
C00697,commercial,3.73,LT-2 Commercial,TX050,F07,2025-01-01
C00698,residential,3.44,LT-1 Domestic,TX062,F08,2025-01-01
C00699,commercial,6.78,LT-2 Commercial,TX020,F03,2025-01-01
C00700,commercial,7.03,LT-2 Commercial,TX011,F02,2025-01-01
C00701,residential,1.51,LT-1 Domestic,TX071,F09,2025-01-01
C00702,residential,2.36,LT-1 Domestic,TX057,F08,2025-01-01
C00703,industrial,8.89,HT-1 Industrial,TX073,F10,2025-01-01
C00704,residential,2.78,LT-1 Domestic,TX012,F02,2026-05-07
C00705,residential,1.96,LT-1 Domestic,TX073,F10,2025-01-01
C00706,residential,1.06,LT-1 Domestic,TX046,F06,2025-01-01
C00707,residential,3.3,LT-1 Domestic,TX094,F12,2025-01-01
C00708,residential,6.0,LT-1 Domestic,TX009,F02,2025-01-01
C00709,residential,2.78,LT-1 Domestic,TX001,F01,2025-01-01
C00710,residential,3.25,LT-1 Domestic,TX071,F09,2025-01-01
C00711,residential,1.24,LT-1 Domestic,TX065,F09,2025-01-01
C00712,industrial,10.88,HT-1 Industrial,TX046,F06,2025-01-01
C00713,residential,3.63,LT-1 Domestic,TX051,F07,2026-05-05
C00714,industrial,14.27,HT-1 Industrial,TX026,F04,2025-01-01
C00715,residential,2.33,LT-1 Domestic,TX071,F09,2025-01-01
C00716,residential,4.4,LT-1 Domestic,TX061,F08,2025-01-01
C00717,commercial,2.76,LT-2 Commercial,TX048,F06,2025-01-01
C00718,residential,2.72,LT-1 Domestic,TX050,F07,2025-01-01
C00719,commercial,4.73,LT-2 Commercial,TX065,F09,2025-01-01
C00720,residential,1.44,LT-1 Domestic,TX038,F05,2025-01-01
C00721,commercial,2.43,LT-2 Commercial,TX042,F06,2025-01-01
C00722,residential,2.42,LT-1 Domestic,TX024,F03,2025-01-01
C00723,industrial,8.22,HT-1 Industrial,TX096,F12,2025-01-01
C00724,industrial,6.35,HT-1 Industrial,TX082,F11,2025-01-01
C00725,commercial,2.27,LT-2 Commercial,TX030,F04,2025-01-01
C00726,commercial,5.57,LT-2 Commercial,TX072,F09,2025-01-01
C00727,industrial,7.9,HT-1 Industrial,TX060,F08,2025-01-01
C00728,commercial,4.4,LT-2 Commercial,TX100,F13,2025-01-01
C00729,residential,0.66,LT-1 Domestic,TX041,F06,2025-01-01
C00730,residential,1.59,LT-1 Domestic,TX039,F05,2025-01-01
C00731,residential,2.04,LT-1 Domestic,TX056,F07,2025-01-01
C00732,residential,5.13,LT-1 Domestic,TX022,F03,2025-01-01
C00733,residential,3.11,LT-1 Domestic,TX081,F11,2026-05-15
C00734,residential,2.6,LT-1 Domestic,TX031,F04,2026-05-15
C00735,residential,0.64,LT-1 Domestic,TX088,F11,2025-01-01
C00736,residential,2.52,LT-1 Domestic,TX090,F12,2025-01-01
C00737,residential,3.54,LT-1 Domestic,TX018,F03,2025-01-01
C00738,residential,1.56,LT-1 Domestic,TX027,F04,2025-01-01
C00739,industrial,14.95,HT-1 Industrial,TX061,F08,2025-01-01
C00740,residential,2.55,LT-1 Domestic,TX058,F08,2025-01-01
C00741,commercial,4.7,LT-2 Commercial,TX009,F02,2025-01-01
C00742,residential,2.97,LT-1 Domestic,TX064,F08,2025-01-01
C00743,commercial,2.72,LT-2 Commercial,TX053,F07,2025-01-01
C00744,residential,1.67,LT-1 Domestic,TX034,F05,2025-01-01
C00745,residential,1.74,LT-1 Domestic,TX028,F04,2025-01-01
C00746,residential,3.54,LT-1 Domestic,TX057,F08,2025-01-01
C00747,commercial,10.83,LT-2 Commercial,TX088,F11,2025-01-01
C00748,residential,1.64,LT-1 Domestic,TX029,F04,2025-01-01
C00749,residential,4.79,LT-1 Domestic,TX038,F05,2025-01-01
C00750,commercial,7.07,LT-2 Commercial,TX082,F11,2025-01-01
C00751,residential,3.22,LT-1 Domestic,TX040,F05,2025-01-01
C00752,residential,1.67,LT-1 Domestic,TX087,F11,2025-01-01
C00753,commercial,6.39,LT-2 Commercial,TX059,F08,2025-01-01
C00754,residential,1.01,LT-1 Domestic,TX099,F13,2025-01-01
C00755,residential,2.09,LT-1 Domestic,TX079,F10,2025-01-01
C00756,residential,2.17,LT-1 Domestic,TX018,F03,2025-01-01
C00757,commercial,3.56,LT-2 Commercial,TX063,F08,2025-01-01
C00758,commercial,3.59,LT-2 Commercial,TX091,F12,2025-01-01
C00759,commercial,10.48,LT-2 Commercial,TX019,F03,2025-01-01
C00760,commercial,5.65,LT-2 Commercial,TX065,F09,2025-01-01
C00761,commercial,13.67,LT-2 Commercial,TX095,F12,2025-01-01
C00762,industrial,8.67,HT-1 Industrial,TX034,F05,2025-01-01
C00763,residential,1.17,LT-1 Domestic,TX079,F10,2026-04-09
C00764,residential,9.65,LT-1 Domestic,TX085,F11,2025-01-01
C00765,industrial,5.57,HT-1 Industrial,TX053,F07,2025-01-01
C00766,residential,3.09,LT-1 Domestic,TX047,F06,2025-01-01
C00767,residential,3.21,LT-1 Domestic,TX040,F05,2025-01-01
C00768,industrial,7.81,HT-1 Industrial,TX028,F04,2025-01-01
C00769,residential,0.89,LT-1 Domestic,TX033,F05,2025-01-01
C00770,residential,2.64,LT-1 Domestic,TX084,F11,2025-01-01
C00771,industrial,26.81,HT-1 Industrial,TX008,F01,2025-01-01
C00772,commercial,6.66,LT-2 Commercial,TX065,F09,2025-01-01
C00773,residential,7.91,LT-1 Domestic,TX012,F02,2025-01-01
C00774,residential,1.93,LT-1 Domestic,TX094,F12,2025-01-01
C00775,residential,2.39,LT-1 Domestic,TX055,F07,2025-01-01
C00776,residential,4.16,LT-1 Domestic,TX084,F11,2025-01-01
C00777,commercial,5.13,LT-2 Commercial,TX009,F02,2025-01-01
C00778,residential,2.05,LT-1 Domestic,TX019,F03,2025-01-01
C00779,commercial,3.94,LT-2 Commercial,TX041,F06,2025-01-01
C00780,industrial,23.26,HT-1 Industrial,TX031,F04,2026-04-13
C00781,residential,5.05,LT-1 Domestic,TX021,F03,2025-01-01
C00782,commercial,2.77,LT-2 Commercial,TX041,F06,2025-01-01
C00783,commercial,4.12,LT-2 Commercial,TX027,F04,2025-01-01
C00784,residential,0.98,LT-1 Domestic,TX039,F05,2025-01-01
C00785,residential,0.83,LT-1 Domestic,TX092,F12,2025-01-01
C00786,commercial,7.56,LT-2 Commercial,TX038,F05,2025-01-01
C00787,commercial,7.85,LT-2 Commercial,TX074,F10,2025-01-01
C00788,industrial,7.28,HT-1 Industrial,TX042,F06,2025-01-01
C00789,residential,3.28,LT-1 Domestic,TX006,F01,2025-01-01
C00790,residential,10.42,LT-1 Domestic,TX061,F08,2025-01-01
C00791,residential,1.98,LT-1 Domestic,TX072,F09,2025-01-01
C00792,residential,4.19,LT-1 Domestic,TX011,F02,2025-01-01
C00793,residential,1.98,LT-1 Domestic,TX079,F10,2025-01-01
C00794,residential,4.46,LT-1 Domestic,TX083,F11,2025-01-01
C00795,industrial,15.67,HT-1 Industrial,TX061,F08,2026-04-08
C00796,commercial,6.37,LT-2 Commercial,TX078,F10,2025-01-01
C00797,residential,1.34,LT-1 Domestic,TX081,F11,2025-01-01
C00798,commercial,5.85,LT-2 Commercial,TX039,F05,2025-01-01
C00799,residential,3.25,LT-1 Domestic,TX028,F04,2025-01-01
C00800,residential,1.98,LT-1 Domestic,TX080,F10,2025-01-01
C00801,commercial,5.29,LT-2 Commercial,TX034,F05,2025-01-01
C00802,residential,14.84,LT-1 Domestic,TX078,F10,2025-01-01
C00803,commercial,6.58,LT-2 Commercial,TX061,F08,2025-01-01
C00804,residential,3.27,LT-1 Domestic,TX008,F01,2026-05-07
C00805,residential,1.58,LT-1 Domestic,TX053,F07,2025-01-01
C00806,residential,1.04,LT-1 Domestic,TX091,F12,2025-01-01
C00807,commercial,6.99,LT-2 Commercial,TX005,F01,2026-05-03
C00808,commercial,4.42,LT-2 Commercial,TX100,F13,2025-01-01
C00809,industrial,11.89,HT-1 Industrial,TX080,F10,2025-01-01
C00810,industrial,21.7,HT-1 Industrial,TX012,F02,2025-01-01
C00811,residential,1.18,LT-1 Domestic,TX047,F06,2025-01-01
C00812,commercial,5.12,LT-2 Commercial,TX077,F10,2025-01-01
C00813,industrial,12.35,HT-1 Industrial,TX090,F12,2025-01-01
C00814,residential,2.04,LT-1 Domestic,TX033,F05,2025-01-01
C00815,residential,2.56,LT-1 Domestic,TX068,F09,2025-01-01
C00816,residential,5.07,LT-1 Domestic,TX023,F03,2025-01-01
C00817,commercial,2.68,LT-2 Commercial,TX001,F01,2025-01-01
C00818,commercial,8.16,LT-2 Commercial,TX067,F09,2025-01-01
C00819,residential,1.81,LT-1 Domestic,TX066,F09,2025-01-01
C00820,industrial,17.96,HT-1 Industrial,TX011,F02,2025-01-01
C00821,residential,2.21,LT-1 Domestic,TX069,F09,2025-01-01
C00822,commercial,7.47,LT-2 Commercial,TX075,F10,2025-01-01
C00823,residential,2.85,LT-1 Domestic,TX036,F05,2025-01-01
C00824,commercial,2.84,LT-2 Commercial,TX086,F11,2025-01-01
C00825,residential,4.49,LT-1 Domestic,TX036,F05,2025-01-01
C00826,residential,6.23,LT-1 Domestic,TX075,F10,2025-01-01
C00827,residential,3.09,LT-1 Domestic,TX070,F09,2025-01-01
C00828,residential,2.18,LT-1 Domestic,TX048,F06,2025-01-01
C00829,commercial,3.16,LT-2 Commercial,TX091,F12,2025-01-01
C00830,residential,1.07,LT-1 Domestic,TX017,F03,2026-04-09
C00831,industrial,6.19,HT-1 Industrial,TX092,F12,2025-01-01
C00832,residential,4.25,LT-1 Domestic,TX049,F07,2025-01-01
C00833,residential,6.57,LT-1 Domestic,TX056,F07,2025-01-01
C00834,residential,1.92,LT-1 Domestic,TX067,F09,2025-01-01
C00835,residential,1.47,LT-1 Domestic,TX012,F02,2025-01-01
C00836,residential,1.22,LT-1 Domestic,TX100,F13,2025-01-01
C00837,commercial,12.65,LT-2 Commercial,TX029,F04,2025-01-01
C00838,residential,2.26,LT-1 Domestic,TX011,F02,2026-03-28
C00839,residential,7.08,LT-1 Domestic,TX098,F13,2025-01-01
C00840,residential,1.69,LT-1 Domestic,TX088,F11,2025-01-01
C00841,residential,2.08,LT-1 Domestic,TX018,F03,2025-01-01
C00842,residential,2.23,LT-1 Domestic,TX095,F12,2025-01-01
C00843,residential,1.52,LT-1 Domestic,TX049,F07,2025-01-01
C00844,residential,2.9,LT-1 Domestic,TX062,F08,2025-01-01
C00845,residential,1.56,LT-1 Domestic,TX048,F06,2025-01-01
C00846,commercial,8.83,LT-2 Commercial,TX025,F04,2025-01-01
C00847,residential,1.35,LT-1 Domestic,TX060,F08,2025-01-01
C00848,residential,1.72,LT-1 Domestic,TX068,F09,2025-01-01
C00849,commercial,2.79,LT-2 Commercial,TX038,F05,2025-01-01
C00850,residential,3.7,LT-1 Domestic,TX083,F11,2025-01-01
C00851,residential,7.79,LT-1 Domestic,TX094,F12,2025-01-01
C00852,industrial,28.33,HT-1 Industrial,TX005,F01,2025-01-01
C00853,residential,3.84,LT-1 Domestic,TX010,F02,2025-01-01
C00854,residential,2.65,LT-1 Domestic,TX045,F06,2025-01-01
C00855,residential,1.97,LT-1 Domestic,TX089,F12,2025-01-01
C00856,residential,1.66,LT-1 Domestic,TX047,F06,2025-01-01
C00857,commercial,4.62,LT-2 Commercial,TX098,F13,2025-01-01
C00858,commercial,3.14,LT-2 Commercial,TX033,F05,2025-01-01
C00859,residential,2.87,LT-1 Domestic,TX045,F06,2025-01-01
C00860,residential,3.62,LT-1 Domestic,TX043,F06,2025-01-01
C00861,residential,1.4,LT-1 Domestic,TX097,F13,2025-01-01
C00862,residential,1.67,LT-1 Domestic,TX011,F02,2025-01-01
C00863,residential,5.99,LT-1 Domestic,TX008,F01,2025-01-01
C00864,residential,2.97,LT-1 Domestic,TX054,F07,2025-01-01
C00865,commercial,7.14,LT-2 Commercial,TX025,F04,2025-01-01
C00866,residential,3.01,LT-1 Domestic,TX021,F03,2026-04-26
C00867,commercial,5.26,LT-2 Commercial,TX098,F13,2025-01-01
C00868,residential,2.49,LT-1 Domestic,TX025,F04,2025-01-01
C00869,residential,5.23,LT-1 Domestic,TX017,F03,2026-04-02
C00870,residential,2.29,LT-1 Domestic,TX016,F02,2025-01-01
C00871,commercial,5.06,LT-2 Commercial,TX062,F08,2025-01-01
C00872,residential,1.84,LT-1 Domestic,TX016,F02,2025-01-01
C00873,residential,4.06,LT-1 Domestic,TX027,F04,2025-01-01
C00874,residential,2.27,LT-1 Domestic,TX024,F03,2025-01-01
C00875,residential,4.95,LT-1 Domestic,TX090,F12,2025-01-01
C00876,residential,1.7,LT-1 Domestic,TX082,F11,2025-01-01
C00877,residential,2.2,LT-1 Domestic,TX005,F01,2025-01-01
C00878,commercial,12.41,LT-2 Commercial,TX044,F06,2025-01-01
C00879,residential,5.8,LT-1 Domestic,TX063,F08,2026-05-01
C00880,residential,3.08,LT-1 Domestic,TX034,F05,2025-01-01
C00881,residential,4.15,LT-1 Domestic,TX071,F09,2025-01-01
C00882,residential,4.87,LT-1 Domestic,TX097,F13,2025-01-01
C00883,commercial,9.28,LT-2 Commercial,TX071,F09,2026-04-27
C00884,commercial,6.97,LT-2 Commercial,TX058,F08,2025-01-01
C00885,residential,4.02,LT-1 Domestic,TX015,F02,2025-01-01
C00886,residential,2.35,LT-1 Domestic,TX039,F05,2025-01-01
C00887,residential,1.07,LT-1 Domestic,TX078,F10,2025-01-01
C00888,residential,0.98,LT-1 Domestic,TX020,F03,2025-01-01
C00889,commercial,13.88,LT-2 Commercial,TX095,F12,2025-01-01
C00890,residential,2.18,LT-1 Domestic,TX096,F12,2025-01-01
C00891,residential,2.96,LT-1 Domestic,TX016,F02,2025-01-01
C00892,residential,1.99,LT-1 Domestic,TX015,F02,2025-01-01
C00893,residential,2.77,LT-1 Domestic,TX077,F10,2025-01-01
C00894,commercial,3.93,LT-2 Commercial,TX047,F06,2025-01-01
C00895,commercial,5.06,LT-2 Commercial,TX042,F06,2025-01-01
C00896,commercial,1.24,LT-2 Commercial,TX042,F06,2025-01-01
C00897,industrial,10.03,HT-1 Industrial,TX061,F08,2025-01-01
C00898,residential,1.33,LT-1 Domestic,TX013,F02,2025-01-01
C00899,residential,4.37,LT-1 Domestic,TX084,F11,2025-01-01
C00900,commercial,7.0,LT-2 Commercial,TX005,F01,2025-01-01
C00901,residential,1.96,LT-1 Domestic,TX031,F04,2025-01-01
C00902,industrial,9.82,HT-1 Industrial,TX073,F10,2025-01-01
C00903,residential,1.73,LT-1 Domestic,TX046,F06,2026-04-13
C00904,residential,1.7,LT-1 Domestic,TX012,F02,2025-01-01
C00905,residential,3.05,LT-1 Domestic,TX047,F06,2025-01-01
C00906,industrial,14.63,HT-1 Industrial,TX007,F01,2025-01-01
C00907,residential,3.91,LT-1 Domestic,TX086,F11,2025-01-01
C00908,industrial,4.96,HT-1 Industrial,TX026,F04,2025-01-01
C00909,residential,3.88,LT-1 Domestic,TX093,F12,2025-01-01
C00910,industrial,9.88,HT-1 Industrial,TX040,F05,2025-01-01
C00911,residential,6.03,LT-1 Domestic,TX071,F09,2025-01-01
C00912,residential,3.52,LT-1 Domestic,TX049,F07,2025-01-01
C00913,commercial,7.13,LT-2 Commercial,TX001,F01,2025-01-01
C00914,residential,2.86,LT-1 Domestic,TX062,F08,2025-01-01
C00915,residential,2.53,LT-1 Domestic,TX100,F13,2025-01-01
C00916,residential,2.77,LT-1 Domestic,TX037,F05,2025-01-01
C00917,residential,2.7,LT-1 Domestic,TX027,F04,2025-01-01
C00918,commercial,3.48,LT-2 Commercial,TX025,F04,2025-01-01
C00919,residential,0.98,LT-1 Domestic,TX045,F06,2025-01-01
C00920,commercial,5.22,LT-2 Commercial,TX050,F07,2025-01-01
C00921,residential,2.64,LT-1 Domestic,TX027,F04,2025-01-01
C00922,residential,1.97,LT-1 Domestic,TX030,F04,2025-01-01
C00923,industrial,11.86,HT-1 Industrial,TX066,F09,2025-01-01
C00924,industrial,24.29,HT-1 Industrial,TX078,F10,2025-01-01
C00925,residential,1.1,LT-1 Domestic,TX005,F01,2025-01-01
C00926,residential,9.03,LT-1 Domestic,TX024,F03,2025-01-01
C00927,residential,3.0,LT-1 Domestic,TX079,F10,2025-01-01
C00928,residential,2.0,LT-1 Domestic,TX041,F06,2025-01-01
C00929,residential,1.47,LT-1 Domestic,TX050,F07,2025-01-01
C00930,residential,2.11,LT-1 Domestic,TX044,F06,2025-01-01
C00931,residential,5.95,LT-1 Domestic,TX100,F13,2025-01-01
C00932,commercial,4.51,LT-2 Commercial,TX048,F06,2025-01-01
C00933,residential,3.77,LT-1 Domestic,TX047,F06,2025-01-01
C00934,industrial,6.19,HT-1 Industrial,TX026,F04,2025-01-01
C00935,residential,2.45,LT-1 Domestic,TX040,F05,2025-01-01
C00936,commercial,10.06,LT-2 Commercial,TX084,F11,2025-01-01
C00937,residential,2.38,LT-1 Domestic,TX021,F03,2025-01-01
C00938,commercial,5.96,LT-2 Commercial,TX044,F06,2025-01-01
C00939,residential,1.29,LT-1 Domestic,TX009,F02,2025-01-01
C00940,residential,3.95,LT-1 Domestic,TX040,F05,2026-04-27
C00941,residential,9.13,LT-1 Domestic,TX017,F03,2025-01-01
C00942,industrial,9.83,HT-1 Industrial,TX061,F08,2025-01-01
C00943,residential,5.55,LT-1 Domestic,TX015,F02,2025-01-01
C00944,residential,0.91,LT-1 Domestic,TX013,F02,2025-01-01
C00945,residential,7.46,LT-1 Domestic,TX079,F10,2025-01-01
C00946,residential,2.69,LT-1 Domestic,TX025,F04,2025-01-01
C00947,residential,3.79,LT-1 Domestic,TX059,F08,2025-01-01
C00948,residential,2.05,LT-1 Domestic,TX051,F07,2025-01-01
C00949,industrial,5.94,HT-1 Industrial,TX077,F10,2025-01-01
C00950,residential,2.51,LT-1 Domestic,TX036,F05,2025-01-01
C00951,residential,2.42,LT-1 Domestic,TX048,F06,2025-01-01
C00952,residential,7.08,LT-1 Domestic,TX084,F11,2025-01-01
C00953,residential,1.49,LT-1 Domestic,TX013,F02,2025-01-01
C00954,residential,0.55,LT-1 Domestic,TX046,F06,2025-01-01
C00955,residential,1.67,LT-1 Domestic,TX083,F11,2025-01-01
C00956,residential,1.75,LT-1 Domestic,TX100,F13,2025-01-01
C00957,commercial,5.76,LT-2 Commercial,TX063,F08,2025-01-01
C00958,industrial,5.43,HT-1 Industrial,TX083,F11,2025-01-01
C00959,residential,2.0,LT-1 Domestic,TX089,F12,2025-01-01
C00960,residential,1.59,LT-1 Domestic,TX050,F07,2025-01-01
C00961,commercial,4.52,LT-2 Commercial,TX034,F05,2026-05-05
C00962,residential,2.83,LT-1 Domestic,TX053,F07,2025-01-01
C00963,residential,2.37,LT-1 Domestic,TX069,F09,2025-01-01
C00964,residential,1.52,LT-1 Domestic,TX019,F03,2025-01-01
C00965,industrial,7.84,HT-1 Industrial,TX001,F01,2025-01-01
C00966,commercial,4.74,LT-2 Commercial,TX078,F10,2025-01-01
C00967,residential,5.77,LT-1 Domestic,TX066,F09,2025-01-01
C00968,residential,3.83,LT-1 Domestic,TX001,F01,2025-01-01
C00969,industrial,7.72,HT-1 Industrial,TX028,F04,2025-01-01
C00970,residential,1.8,LT-1 Domestic,TX051,F07,2025-01-01
C00971,residential,2.68,LT-1 Domestic,TX032,F04,2025-01-01
C00972,commercial,4.45,LT-2 Commercial,TX089,F12,2025-01-01
C00973,commercial,4.51,LT-2 Commercial,TX070,F09,2025-01-01
C00974,residential,5.88,LT-1 Domestic,TX050,F07,2025-01-01
C00975,residential,4.94,LT-1 Domestic,TX078,F10,2025-01-01
C00976,residential,2.0,LT-1 Domestic,TX016,F02,2025-01-01
C00977,industrial,4.75,HT-1 Industrial,TX051,F07,2025-01-01
C00978,residential,3.47,LT-1 Domestic,TX062,F08,2025-01-01
C00979,residential,1.46,LT-1 Domestic,TX097,F13,2025-01-01
C00980,residential,2.48,LT-1 Domestic,TX087,F11,2025-01-01
C00981,industrial,22.35,HT-1 Industrial,TX040,F05,2025-01-01
C00982,residential,1.37,LT-1 Domestic,TX013,F02,2025-01-01
C00983,residential,2.95,LT-1 Domestic,TX009,F02,2025-01-01
C00984,residential,2.33,LT-1 Domestic,TX066,F09,2025-01-01
C00985,residential,1.51,LT-1 Domestic,TX016,F02,2025-01-01
C00986,commercial,9.79,LT-2 Commercial,TX097,F13,2025-01-01
C00987,residential,3.99,LT-1 Domestic,TX071,F09,2025-01-01
C00988,industrial,6.72,HT-1 Industrial,TX054,F07,2025-01-01
C00989,industrial,8.09,HT-1 Industrial,TX059,F08,2025-01-01
C00990,residential,2.83,LT-1 Domestic,TX091,F12,2025-01-01
C00991,residential,2.42,LT-1 Domestic,TX093,F12,2025-01-01
C00992,industrial,7.55,HT-1 Industrial,TX093,F12,2025-01-01
C00993,commercial,6.51,LT-2 Commercial,TX096,F12,2025-01-01
C00994,commercial,6.2,LT-2 Commercial,TX009,F02,2025-01-01
C00995,residential,3.02,LT-1 Domestic,TX059,F08,2025-01-01
C00996,residential,1.68,LT-1 Domestic,TX068,F09,2025-01-01
C00997,commercial,6.01,LT-2 Commercial,TX001,F01,2025-01-01
C00998,residential,1.05,LT-1 Domestic,TX065,F09,2025-01-01
C00999,residential,3.1,LT-1 Domestic,TX077,F10,2025-01-01
C01000,residential,1.74,LT-1 Domestic,TX089,F12,2025-01-01
C01001,commercial,4.23,LT-2 Commercial,TX076,F10,2026-04-24
C01002,residential,3.26,LT-1 Domestic,TX092,F12,2025-01-01
C01003,commercial,6.84,LT-2 Commercial,TX076,F10,2025-01-01
C01004,residential,1.72,LT-1 Domestic,TX034,F05,2025-01-01
C01005,commercial,3.78,LT-2 Commercial,TX099,F13,2026-04-23
C01006,residential,3.0,LT-1 Domestic,TX003,F01,2025-01-01
C01007,industrial,12.25,HT-1 Industrial,TX040,F05,2026-04-13
C01008,residential,3.68,LT-1 Domestic,TX026,F04,2025-01-01
C01009,commercial,14.81,LT-2 Commercial,TX083,F11,2025-01-01
C01010,residential,7.98,LT-1 Domestic,TX075,F10,2025-01-01
C01011,commercial,6.05,LT-2 Commercial,TX007,F01,2025-01-01
C01012,residential,1.8,LT-1 Domestic,TX088,F11,2025-01-01
C01013,residential,2.89,LT-1 Domestic,TX069,F09,2025-01-01
C01014,commercial,2.84,LT-2 Commercial,TX018,F03,2025-01-01
C01015,residential,2.22,LT-1 Domestic,TX057,F08,2026-05-02
C01016,residential,1.66,LT-1 Domestic,TX026,F04,2025-01-01
C01017,residential,3.2,LT-1 Domestic,TX044,F06,2025-01-01
C01018,residential,1.63,LT-1 Domestic,TX026,F04,2025-01-01
C01019,residential,1.98,LT-1 Domestic,TX052,F07,2025-01-01
C01020,industrial,3.97,HT-1 Industrial,TX023,F03,2025-01-01
C01021,residential,0.92,LT-1 Domestic,TX077,F10,2025-01-01
C01022,commercial,7.74,LT-2 Commercial,TX086,F11,2025-01-01
C01023,residential,2.63,LT-1 Domestic,TX027,F04,2026-04-05
C01024,residential,3.7,LT-1 Domestic,TX039,F05,2025-01-01
C01025,residential,2.91,LT-1 Domestic,TX056,F07,2025-01-01
C01026,residential,4.04,LT-1 Domestic,TX010,F02,2025-01-01
C01027,residential,2.0,LT-1 Domestic,TX094,F12,2025-01-01
C01028,residential,2.7,LT-1 Domestic,TX094,F12,2025-01-01
C01029,industrial,5.85,HT-1 Industrial,TX090,F12,2025-01-01
C01030,commercial,12.13,LT-2 Commercial,TX037,F05,2025-01-01
C01031,residential,1.66,LT-1 Domestic,TX051,F07,2025-01-01
C01032,residential,4.42,LT-1 Domestic,TX100,F13,2025-01-01
C01033,residential,1.37,LT-1 Domestic,TX055,F07,2025-01-01
C01034,residential,2.53,LT-1 Domestic,TX092,F12,2025-01-01
C01035,commercial,8.65,LT-2 Commercial,TX014,F02,2025-01-01
C01036,commercial,9.18,LT-2 Commercial,TX091,F12,2025-01-01
C01037,residential,2.57,LT-1 Domestic,TX033,F05,2025-01-01
C01038,residential,2.3,LT-1 Domestic,TX068,F09,2025-01-01
C01039,residential,2.98,LT-1 Domestic,TX084,F11,2025-01-01
C01040,residential,1.35,LT-1 Domestic,TX012,F02,2025-01-01
C01041,industrial,9.34,HT-1 Industrial,TX068,F09,2025-01-01
C01042,residential,1.46,LT-1 Domestic,TX045,F06,2025-01-01
C01043,residential,6.47,LT-1 Domestic,TX011,F02,2026-05-17
C01044,commercial,8.32,LT-2 Commercial,TX002,F01,2025-01-01
C01045,commercial,11.64,LT-2 Commercial,TX023,F03,2025-01-01
C01046,residential,2.28,LT-1 Domestic,TX043,F06,2025-01-01
C01047,residential,1.77,LT-1 Domestic,TX001,F01,2025-01-01
C01048,residential,1.45,LT-1 Domestic,TX009,F02,2025-01-01
C01049,industrial,9.83,HT-1 Industrial,TX069,F09,2025-01-01
C01050,commercial,10.18,LT-2 Commercial,TX065,F09,2025-01-01
C01051,residential,2.45,LT-1 Domestic,TX095,F12,2025-01-01
C01052,residential,1.57,LT-1 Domestic,TX086,F11,2025-01-01
C01053,commercial,3.19,LT-2 Commercial,TX088,F11,2025-01-01
C01054,residential,2.09,LT-1 Domestic,TX092,F12,2025-01-01
C01055,residential,1.68,LT-1 Domestic,TX063,F08,2025-01-01
C01056,residential,4.61,LT-1 Domestic,TX091,F12,2025-01-01
C01057,residential,2.06,LT-1 Domestic,TX046,F06,2025-01-01
C01058,residential,3.58,LT-1 Domestic,TX064,F08,2025-01-01
C01059,residential,5.95,LT-1 Domestic,TX098,F13,2025-01-01
C01060,residential,1.71,LT-1 Domestic,TX018,F03,2025-01-01
C01061,commercial,7.16,LT-2 Commercial,TX085,F11,2025-01-01
C01062,commercial,2.82,LT-2 Commercial,TX062,F08,2025-01-01
C01063,residential,1.83,LT-1 Domestic,TX075,F10,2025-01-01
C01064,commercial,5.44,LT-2 Commercial,TX069,F09,2026-04-29
C01065,residential,1.15,LT-1 Domestic,TX045,F06,2025-01-01
C01066,commercial,3.18,LT-2 Commercial,TX013,F02,2025-01-01
C01067,residential,5.27,LT-1 Domestic,TX013,F02,2025-01-01
C01068,residential,3.12,LT-1 Domestic,TX050,F07,2025-01-01
C01069,residential,3.04,LT-1 Domestic,TX061,F08,2025-01-01
C01070,residential,2.09,LT-1 Domestic,TX040,F05,2025-01-01
C01071,residential,3.79,LT-1 Domestic,TX096,F12,2025-01-01
C01072,commercial,9.25,LT-2 Commercial,TX072,F09,2025-01-01
C01073,residential,1.71,LT-1 Domestic,TX012,F02,2025-01-01
C01074,commercial,4.0,LT-2 Commercial,TX013,F02,2025-01-01
C01075,residential,3.6,LT-1 Domestic,TX014,F02,2025-01-01
C01076,residential,3.58,LT-1 Domestic,TX042,F06,2025-01-01
C01077,residential,1.7,LT-1 Domestic,TX078,F10,2025-01-01
C01078,residential,0.72,LT-1 Domestic,TX061,F08,2025-01-01
C01079,residential,1.45,LT-1 Domestic,TX043,F06,2025-01-01
C01080,residential,1.71,LT-1 Domestic,TX042,F06,2026-04-20
C01081,industrial,11.96,HT-1 Industrial,TX062,F08,2025-01-01
C01082,residential,2.28,LT-1 Domestic,TX025,F04,2025-01-01
C01083,residential,1.21,LT-1 Domestic,TX030,F04,2025-01-01
C01084,residential,4.04,LT-1 Domestic,TX056,F07,2025-01-01
C01085,residential,1.33,LT-1 Domestic,TX070,F09,2025-01-01
C01086,residential,2.85,LT-1 Domestic,TX031,F04,2025-01-01
C01087,residential,1.51,LT-1 Domestic,TX024,F03,2025-01-01
C01088,residential,2.01,LT-1 Domestic,TX062,F08,2025-01-01
C01089,residential,2.64,LT-1 Domestic,TX074,F10,2025-01-01
C01090,commercial,6.1,LT-2 Commercial,TX096,F12,2025-01-01
C01091,industrial,10.81,HT-1 Industrial,TX034,F05,2025-01-01
C01092,residential,0.96,LT-1 Domestic,TX035,F05,2025-01-01
C01093,residential,3.55,LT-1 Domestic,TX029,F04,2025-01-01
C01094,residential,2.77,LT-1 Domestic,TX066,F09,2025-01-01
C01095,residential,1.16,LT-1 Domestic,TX057,F08,2025-01-01
C01096,residential,1.56,LT-1 Domestic,TX017,F03,2025-01-01
C01097,commercial,7.16,LT-2 Commercial,TX023,F03,2025-01-01
C01098,residential,3.26,LT-1 Domestic,TX002,F01,2025-01-01
C01099,commercial,4.01,LT-2 Commercial,TX023,F03,2025-01-01
C01100,residential,1.82,LT-1 Domestic,TX033,F05,2025-01-01
C01101,residential,3.67,LT-1 Domestic,TX045,F06,2025-01-01
C01102,commercial,3.76,LT-2 Commercial,TX043,F06,2025-01-01
C01103,residential,1.81,LT-1 Domestic,TX054,F07,2025-01-01
C01104,commercial,5.04,LT-2 Commercial,TX065,F09,2025-01-01
C01105,commercial,4.59,LT-2 Commercial,TX014,F02,2025-01-01
C01106,residential,4.82,LT-1 Domestic,TX070,F09,2025-01-01
C01107,residential,3.02,LT-1 Domestic,TX015,F02,2025-01-01
C01108,residential,3.2,LT-1 Domestic,TX081,F11,2025-01-01
C01109,residential,1.32,LT-1 Domestic,TX053,F07,2025-01-01
C01110,residential,2.22,LT-1 Domestic,TX024,F03,2025-01-01
C01111,commercial,7.5,LT-2 Commercial,TX082,F11,2025-01-01
C01112,commercial,7.28,LT-2 Commercial,TX028,F04,2025-01-01
C01113,residential,12.11,LT-1 Domestic,TX091,F12,2025-01-01
C01114,residential,3.94,LT-1 Domestic,TX044,F06,2025-01-01
C01115,commercial,10.46,LT-2 Commercial,TX012,F02,2025-01-01
C01116,residential,4.41,LT-1 Domestic,TX014,F02,2025-01-01
C01117,residential,3.19,LT-1 Domestic,TX079,F10,2026-04-03
C01118,residential,3.52,LT-1 Domestic,TX073,F10,2025-01-01
C01119,residential,2.16,LT-1 Domestic,TX098,F13,2025-01-01
C01120,residential,1.25,LT-1 Domestic,TX097,F13,2025-01-01
C01121,residential,4.45,LT-1 Domestic,TX014,F02,2025-01-01
C01122,residential,3.38,LT-1 Domestic,TX030,F04,2025-01-01
C01123,industrial,14.61,HT-1 Industrial,TX092,F12,2025-01-01
C01124,residential,4.13,LT-1 Domestic,TX043,F06,2026-05-08
C01125,residential,1.55,LT-1 Domestic,TX099,F13,2025-01-01
C01126,residential,3.63,LT-1 Domestic,TX082,F11,2026-03-30
C01127,residential,2.11,LT-1 Domestic,TX097,F13,2025-01-01
C01128,industrial,20.2,HT-1 Industrial,TX015,F02,2026-04-25
C01129,residential,2.15,LT-1 Domestic,TX016,F02,2025-01-01
C01130,residential,2.32,LT-1 Domestic,TX002,F01,2025-01-01
C01131,commercial,7.05,LT-2 Commercial,TX026,F04,2025-01-01
C01132,industrial,18.0,HT-1 Industrial,TX053,F07,2025-01-01
C01133,residential,7.47,LT-1 Domestic,TX056,F07,2025-01-01
C01134,commercial,8.53,LT-2 Commercial,TX067,F09,2025-01-01
C01135,industrial,22.56,HT-1 Industrial,TX019,F03,2025-01-01
C01136,residential,1.12,LT-1 Domestic,TX096,F12,2025-01-01
C01137,residential,5.23,LT-1 Domestic,TX033,F05,2025-01-01
C01138,residential,1.92,LT-1 Domestic,TX031,F04,2025-01-01
C01139,residential,1.02,LT-1 Domestic,TX044,F06,2025-01-01
C01140,residential,2.1,LT-1 Domestic,TX024,F03,2025-01-01
C01141,residential,2.23,LT-1 Domestic,TX006,F01,2025-01-01
C01142,commercial,3.62,LT-2 Commercial,TX068,F09,2025-01-01
C01143,commercial,4.76,LT-2 Commercial,TX011,F02,2025-01-01
C01144,residential,1.25,LT-1 Domestic,TX010,F02,2025-01-01
C01145,commercial,10.32,LT-2 Commercial,TX033,F05,2025-01-01
C01146,residential,2.67,LT-1 Domestic,TX064,F08,2025-01-01
C01147,residential,2.92,LT-1 Domestic,TX051,F07,2025-01-01
C01148,residential,2.47,LT-1 Domestic,TX008,F01,2025-01-01
C01149,residential,3.41,LT-1 Domestic,TX097,F13,2025-01-01
C01150,commercial,2.48,LT-2 Commercial,TX022,F03,2025-01-01
C01151,residential,0.72,LT-1 Domestic,TX002,F01,2025-01-01
C01152,residential,3.25,LT-1 Domestic,TX057,F08,2025-01-01
C01153,residential,5.94,LT-1 Domestic,TX021,F03,2025-01-01
C01154,industrial,6.94,HT-1 Industrial,TX041,F06,2025-01-01
C01155,residential,0.65,LT-1 Domestic,TX006,F01,2025-01-01
C01156,residential,4.12,LT-1 Domestic,TX094,F12,2025-01-01
C01157,residential,2.7,LT-1 Domestic,TX059,F08,2025-01-01
C01158,residential,2.24,LT-1 Domestic,TX041,F06,2025-01-01
C01159,residential,1.13,LT-1 Domestic,TX047,F06,2025-01-01
C01160,residential,0.63,LT-1 Domestic,TX022,F03,2025-01-01
C01161,residential,3.33,LT-1 Domestic,TX074,F10,2025-01-01
C01162,residential,6.54,LT-1 Domestic,TX019,F03,2025-01-01
C01163,residential,2.78,LT-1 Domestic,TX097,F13,2025-01-01
C01164,residential,1.55,LT-1 Domestic,TX031,F04,2025-01-01
C01165,residential,2.45,LT-1 Domestic,TX020,F03,2025-01-01
C01166,industrial,3.66,HT-1 Industrial,TX039,F05,2025-01-01
C01167,residential,7.96,LT-1 Domestic,TX045,F06,2025-01-01
C01168,industrial,10.58,HT-1 Industrial,TX010,F02,2026-04-16
C01169,residential,1.8,LT-1 Domestic,TX066,F09,2025-01-01
C01170,residential,1.14,LT-1 Domestic,TX038,F05,2025-01-01
C01171,residential,2.22,LT-1 Domestic,TX097,F13,2025-01-01
C01172,residential,2.76,LT-1 Domestic,TX057,F08,2026-04-04
C01173,commercial,5.01,LT-2 Commercial,TX015,F02,2025-01-01
C01174,residential,4.98,LT-1 Domestic,TX026,F04,2025-01-01
C01175,residential,3.57,LT-1 Domestic,TX094,F12,2025-01-01
C01176,residential,2.81,LT-1 Domestic,TX017,F03,2025-01-01
C01177,commercial,7.25,LT-2 Commercial,TX021,F03,2025-01-01
C01178,residential,0.93,LT-1 Domestic,TX075,F10,2025-01-01
C01179,residential,2.88,LT-1 Domestic,TX003,F01,2025-01-01
C01180,residential,2.94,LT-1 Domestic,TX051,F07,2025-01-01
C01181,residential,2.59,LT-1 Domestic,TX048,F06,2025-01-01
C01182,commercial,3.83,LT-2 Commercial,TX096,F12,2025-01-01
C01183,residential,1.31,LT-1 Domestic,TX047,F06,2025-01-01
C01184,residential,0.74,LT-1 Domestic,TX022,F03,2025-01-01
C01185,residential,2.69,LT-1 Domestic,TX085,F11,2025-01-01
C01186,residential,2.06,LT-1 Domestic,TX094,F12,2025-01-01
C01187,industrial,8.7,HT-1 Industrial,TX071,F09,2025-01-01
C01188,commercial,4.76,LT-2 Commercial,TX051,F07,2025-01-01
C01189,residential,3.18,LT-1 Domestic,TX078,F10,2025-01-01
C01190,residential,1.66,LT-1 Domestic,TX006,F01,2025-01-01
C01191,residential,3.22,LT-1 Domestic,TX057,F08,2025-01-01
C01192,residential,1.03,LT-1 Domestic,TX017,F03,2025-01-01
C01193,commercial,2.13,LT-2 Commercial,TX063,F08,2026-04-12
C01194,residential,1.0,LT-1 Domestic,TX075,F10,2026-05-14
C01195,residential,3.05,LT-1 Domestic,TX061,F08,2025-01-01
C01196,commercial,9.61,LT-2 Commercial,TX084,F11,2025-01-01
C01197,residential,1.56,LT-1 Domestic,TX036,F05,2025-01-01
C01198,residential,2.26,LT-1 Domestic,TX070,F09,2025-01-01
C01199,residential,3.75,LT-1 Domestic,TX093,F12,2025-01-01
C01200,residential,8.54,LT-1 Domestic,TX035,F05,2026-04-26
C01201,residential,3.77,LT-1 Domestic,TX071,F09,2025-01-01
C01202,residential,1.41,LT-1 Domestic,TX032,F04,2025-01-01
C01203,industrial,3.76,HT-1 Industrial,TX010,F02,2025-01-01
C01204,residential,1.07,LT-1 Domestic,TX058,F08,2025-01-01
C01205,residential,2.33,LT-1 Domestic,TX034,F05,2025-01-01
C01206,residential,4.53,LT-1 Domestic,TX068,F09,2025-01-01
C01207,residential,1.66,LT-1 Domestic,TX095,F12,2025-01-01
C01208,commercial,17.6,LT-2 Commercial,TX040,F05,2025-01-01
C01209,residential,1.29,LT-1 Domestic,TX081,F11,2025-01-01
C01210,residential,1.86,LT-1 Domestic,TX042,F06,2025-01-01
C01211,industrial,3.67,HT-1 Industrial,TX016,F02,2025-01-01
C01212,industrial,22.49,HT-1 Industrial,TX003,F01,2025-01-01
C01213,residential,3.41,LT-1 Domestic,TX047,F06,2025-01-01
C01214,residential,0.92,LT-1 Domestic,TX009,F02,2026-04-18
C01215,residential,1.62,LT-1 Domestic,TX067,F09,2025-01-01
C01216,residential,6.77,LT-1 Domestic,TX084,F11,2025-01-01
C01217,residential,8.25,LT-1 Domestic,TX004,F01,2025-01-01
C01218,residential,3.8,LT-1 Domestic,TX098,F13,2025-01-01
C01219,commercial,5.47,LT-2 Commercial,TX074,F10,2025-01-01
C01220,residential,2.78,LT-1 Domestic,TX084,F11,2025-01-01
C01221,residential,2.56,LT-1 Domestic,TX069,F09,2025-01-01
C01222,commercial,3.31,LT-2 Commercial,TX034,F05,2025-01-01
C01223,commercial,13.48,LT-2 Commercial,TX055,F07,2025-01-01
C01224,residential,1.35,LT-1 Domestic,TX074,F10,2025-01-01
C01225,residential,1.05,LT-1 Domestic,TX011,F02,2025-01-01
C01226,residential,1.31,LT-1 Domestic,TX088,F11,2025-01-01
C01227,commercial,3.47,LT-2 Commercial,TX044,F06,2025-01-01
C01228,residential,2.83,LT-1 Domestic,TX004,F01,2025-01-01
C01229,commercial,3.08,LT-2 Commercial,TX042,F06,2025-01-01
C01230,residential,2.75,LT-1 Domestic,TX043,F06,2025-01-01
C01231,residential,2.75,LT-1 Domestic,TX073,F10,2025-01-01
C01232,industrial,8.09,HT-1 Industrial,TX008,F01,2025-01-01
C01233,residential,3.04,LT-1 Domestic,TX092,F12,2025-01-01
C01234,commercial,3.59,LT-2 Commercial,TX059,F08,2025-01-01
C01235,residential,1.24,LT-1 Domestic,TX021,F03,2025-01-01
C01236,residential,5.93,LT-1 Domestic,TX075,F10,2025-01-01
C01237,residential,2.51,LT-1 Domestic,TX099,F13,2025-01-01
C01238,residential,0.83,LT-1 Domestic,TX062,F08,2025-01-01
C01239,residential,2.02,LT-1 Domestic,TX069,F09,2025-01-01
C01240,residential,5.08,LT-1 Domestic,TX027,F04,2025-01-01
C01241,commercial,8.37,LT-2 Commercial,TX002,F01,2025-01-01
C01242,commercial,8.11,LT-2 Commercial,TX037,F05,2025-01-01
C01243,commercial,5.64,LT-2 Commercial,TX063,F08,2025-01-01
C01244,residential,4.32,LT-1 Domestic,TX026,F04,2025-01-01
C01245,industrial,21.52,HT-1 Industrial,TX014,F02,2025-01-01
C01246,commercial,9.8,LT-2 Commercial,TX064,F08,2025-01-01
C01247,residential,1.65,LT-1 Domestic,TX007,F01,2025-01-01
C01248,residential,1.88,LT-1 Domestic,TX081,F11,2025-01-01
C01249,residential,1.26,LT-1 Domestic,TX063,F08,2025-01-01
C01250,commercial,7.72,LT-2 Commercial,TX094,F12,2025-01-01
C01251,residential,1.39,LT-1 Domestic,TX074,F10,2025-01-01
C01252,residential,2.29,LT-1 Domestic,TX073,F10,2025-01-01
C01253,commercial,17.5,LT-2 Commercial,TX050,F07,2025-01-01
C01254,residential,2.56,LT-1 Domestic,TX040,F05,2025-01-01
C01255,residential,1.64,LT-1 Domestic,TX093,F12,2025-01-01
C01256,commercial,4.67,LT-2 Commercial,TX020,F03,2025-01-01
C01257,residential,2.76,LT-1 Domestic,TX075,F10,2025-01-01
C01258,residential,3.22,LT-1 Domestic,TX013,F02,2025-01-01
C01259,residential,2.97,LT-1 Domestic,TX031,F04,2025-01-01
C01260,residential,1.15,LT-1 Domestic,TX063,F08,2025-01-01
C01261,industrial,14.32,HT-1 Industrial,TX032,F04,2026-03-29
C01262,residential,2.01,LT-1 Domestic,TX014,F02,2025-01-01
C01263,residential,1.63,LT-1 Domestic,TX093,F12,2025-01-01
C01264,residential,5.56,LT-1 Domestic,TX060,F08,2025-01-01
C01265,residential,4.71,LT-1 Domestic,TX075,F10,2025-01-01
C01266,residential,4.03,LT-1 Domestic,TX098,F13,2025-01-01
C01267,commercial,2.46,LT-2 Commercial,TX061,F08,2025-01-01
C01268,residential,1.82,LT-1 Domestic,TX082,F11,2025-01-01
C01269,commercial,2.61,LT-2 Commercial,TX069,F09,2025-01-01
C01270,residential,2.7,LT-1 Domestic,TX013,F02,2025-01-01
C01271,residential,2.8,LT-1 Domestic,TX090,F12,2025-01-01
C01272,residential,2.14,LT-1 Domestic,TX055,F07,2025-01-01
C01273,residential,2.49,LT-1 Domestic,TX053,F07,2025-01-01
C01274,residential,1.88,LT-1 Domestic,TX077,F10,2025-01-01
C01275,industrial,13.28,HT-1 Industrial,TX030,F04,2026-04-09
C01276,commercial,2.97,LT-2 Commercial,TX081,F11,2025-01-01
C01277,residential,2.88,LT-1 Domestic,TX005,F01,2025-01-01
C01278,residential,2.56,LT-1 Domestic,TX003,F01,2025-01-01
C01279,residential,1.29,LT-1 Domestic,TX052,F07,2025-01-01
C01280,residential,1.41,LT-1 Domestic,TX066,F09,2025-01-01
C01281,industrial,9.15,HT-1 Industrial,TX077,F10,2025-01-01
C01282,residential,2.11,LT-1 Domestic,TX048,F06,2025-01-01
C01283,commercial,6.66,LT-2 Commercial,TX056,F07,2025-01-01
C01284,residential,4.22,LT-1 Domestic,TX092,F12,2025-01-01
C01285,commercial,4.12,LT-2 Commercial,TX050,F07,2025-01-01
C01286,residential,5.57,LT-1 Domestic,TX039,F05,2025-01-01
C01287,commercial,4.91,LT-2 Commercial,TX023,F03,2025-01-01
C01288,residential,2.98,LT-1 Domestic,TX069,F09,2025-01-01
C01289,commercial,6.39,LT-2 Commercial,TX055,F07,2025-01-01
C01290,residential,4.77,LT-1 Domestic,TX086,F11,2025-01-01
C01291,residential,3.45,LT-1 Domestic,TX098,F13,2025-01-01
C01292,residential,1.28,LT-1 Domestic,TX073,F10,2025-01-01
C01293,residential,2.32,LT-1 Domestic,TX015,F02,2025-01-01
C01294,residential,3.9,LT-1 Domestic,TX010,F02,2025-01-01
C01295,residential,1.74,LT-1 Domestic,TX049,F07,2025-01-01
C01296,residential,0.83,LT-1 Domestic,TX085,F11,2026-05-21
C01297,residential,3.66,LT-1 Domestic,TX002,F01,2025-01-01
C01298,commercial,5.0,LT-2 Commercial,TX087,F11,2026-04-13
C01299,residential,2.82,LT-1 Domestic,TX049,F07,2025-01-01
C01300,industrial,9.82,HT-1 Industrial,TX063,F08,2025-01-01
C01301,commercial,3.38,LT-2 Commercial,TX097,F13,2026-04-21
C01302,industrial,11.7,HT-1 Industrial,TX009,F02,2025-01-01
C01303,industrial,6.81,HT-1 Industrial,TX012,F02,2025-01-01
C01304,industrial,8.13,HT-1 Industrial,TX070,F09,2025-01-01
C01305,industrial,12.91,HT-1 Industrial,TX068,F09,2025-01-01
C01306,industrial,12.24,HT-1 Industrial,TX081,F11,2025-01-01
C01307,residential,6.34,LT-1 Domestic,TX028,F04,2025-01-01
C01308,residential,3.25,LT-1 Domestic,TX058,F08,2025-01-01
C01309,industrial,8.02,HT-1 Industrial,TX027,F04,2025-01-01
C01310,residential,4.01,LT-1 Domestic,TX022,F03,2025-01-01
C01311,commercial,7.25,LT-2 Commercial,TX002,F01,2025-01-01
C01312,industrial,18.38,HT-1 Industrial,TX096,F12,2025-01-01
C01313,residential,1.56,LT-1 Domestic,TX033,F05,2025-01-01
C01314,residential,1.85,LT-1 Domestic,TX062,F08,2025-01-01
C01315,residential,1.85,LT-1 Domestic,TX036,F05,2025-01-01
C01316,commercial,11.99,LT-2 Commercial,TX082,F11,2025-01-01
C01317,residential,5.6,LT-1 Domestic,TX046,F06,2025-01-01
C01318,commercial,7.49,LT-2 Commercial,TX062,F08,2025-01-01
C01319,commercial,3.58,LT-2 Commercial,TX011,F02,2025-01-01
C01320,industrial,10.36,HT-1 Industrial,TX055,F07,2025-01-01
C01321,residential,4.52,LT-1 Domestic,TX060,F08,2025-01-01
C01322,industrial,5.14,HT-1 Industrial,TX031,F04,2025-01-01
C01323,residential,2.36,LT-1 Domestic,TX021,F03,2025-01-01
C01324,commercial,2.11,LT-2 Commercial,TX039,F05,2025-01-01
C01325,industrial,54.23,HT-1 Industrial,TX052,F07,2025-01-01
C01326,residential,2.73,LT-1 Domestic,TX023,F03,2026-04-09
C01327,residential,1.84,LT-1 Domestic,TX048,F06,2026-04-11
C01328,industrial,12.76,HT-1 Industrial,TX083,F11,2025-01-01
C01329,residential,3.06,LT-1 Domestic,TX041,F06,2025-01-01
C01330,residential,4.95,LT-1 Domestic,TX006,F01,2025-01-01
C01331,industrial,6.57,HT-1 Industrial,TX077,F10,2025-01-01
C01332,commercial,11.06,LT-2 Commercial,TX037,F05,2025-01-01
C01333,industrial,8.21,HT-1 Industrial,TX005,F01,2025-01-01
C01334,residential,1.82,LT-1 Domestic,TX064,F08,2025-01-01
C01335,residential,2.51,LT-1 Domestic,TX052,F07,2025-01-01
C01336,residential,2.03,LT-1 Domestic,TX040,F05,2025-01-01
C01337,residential,1.92,LT-1 Domestic,TX052,F07,2025-01-01
C01338,residential,1.07,LT-1 Domestic,TX074,F10,2025-01-01
C01339,residential,7.99,LT-1 Domestic,TX026,F04,2025-01-01
C01340,residential,3.14,LT-1 Domestic,TX076,F10,2026-05-03
C01341,residential,2.72,LT-1 Domestic,TX002,F01,2025-01-01
C01342,residential,2.52,LT-1 Domestic,TX016,F02,2025-01-01
C01343,residential,2.86,LT-1 Domestic,TX098,F13,2025-01-01
C01344,residential,2.25,LT-1 Domestic,TX018,F03,2025-01-01
C01345,residential,3.72,LT-1 Domestic,TX094,F12,2026-05-04
C01346,residential,4.82,LT-1 Domestic,TX072,F09,2025-01-01
C01347,residential,2.2,LT-1 Domestic,TX090,F12,2025-01-01
C01348,residential,6.77,LT-1 Domestic,TX060,F08,2025-01-01
C01349,residential,2.72,LT-1 Domestic,TX012,F02,2025-01-01
C01350,residential,3.23,LT-1 Domestic,TX059,F08,2025-01-01
C01351,residential,4.34,LT-1 Domestic,TX040,F05,2025-01-01
C01352,residential,2.62,LT-1 Domestic,TX014,F02,2025-01-01
C01353,residential,2.5,LT-1 Domestic,TX030,F04,2025-01-01
C01354,residential,2.67,LT-1 Domestic,TX009,F02,2025-01-01
C01355,residential,3.12,LT-1 Domestic,TX038,F05,2025-01-01
C01356,commercial,5.24,LT-2 Commercial,TX056,F07,2025-01-01
C01357,residential,4.22,LT-1 Domestic,TX099,F13,2025-01-01
C01358,residential,2.14,LT-1 Domestic,TX080,F10,2025-01-01
C01359,commercial,5.42,LT-2 Commercial,TX059,F08,2025-01-01
C01360,commercial,5.97,LT-2 Commercial,TX018,F03,2025-01-01
C01361,commercial,3.89,LT-2 Commercial,TX050,F07,2025-01-01
C01362,residential,2.74,LT-1 Domestic,TX024,F03,2025-01-01
C01363,residential,3.95,LT-1 Domestic,TX073,F10,2025-01-01
C01364,commercial,7.51,LT-2 Commercial,TX066,F09,2025-01-01
C01365,residential,5.71,LT-1 Domestic,TX046,F06,2025-01-01
C01366,industrial,9.19,HT-1 Industrial,TX045,F06,2025-01-01
C01367,residential,2.62,LT-1 Domestic,TX013,F02,2025-01-01
C01368,residential,1.73,LT-1 Domestic,TX046,F06,2025-01-01
C01369,industrial,16.67,HT-1 Industrial,TX092,F12,2025-01-01
C01370,residential,7.87,LT-1 Domestic,TX065,F09,2025-01-01
C01371,industrial,8.99,HT-1 Industrial,TX029,F04,2025-01-01
C01372,commercial,3.52,LT-2 Commercial,TX072,F09,2025-01-01
C01373,residential,3.94,LT-1 Domestic,TX032,F04,2026-05-19
C01374,residential,1.47,LT-1 Domestic,TX071,F09,2025-01-01
C01375,residential,2.24,LT-1 Domestic,TX085,F11,2025-01-01
C01376,commercial,11.35,LT-2 Commercial,TX038,F05,2025-01-01
C01377,residential,2.07,LT-1 Domestic,TX027,F04,2025-01-01
C01378,commercial,4.15,LT-2 Commercial,TX021,F03,2025-01-01
C01379,residential,1.85,LT-1 Domestic,TX056,F07,2025-01-01
C01380,residential,6.07,LT-1 Domestic,TX064,F08,2025-01-01
C01381,residential,2.53,LT-1 Domestic,TX064,F08,2025-01-01
C01382,commercial,2.34,LT-2 Commercial,TX056,F07,2025-01-01
C01383,industrial,5.15,HT-1 Industrial,TX029,F04,2025-01-01
C01384,residential,4.44,LT-1 Domestic,TX014,F02,2025-01-01
C01385,residential,1.83,LT-1 Domestic,TX051,F07,2025-01-01
C01386,commercial,4.99,LT-2 Commercial,TX046,F06,2025-01-01
C01387,residential,0.95,LT-1 Domestic,TX049,F07,2025-01-01
C01388,residential,3.12,LT-1 Domestic,TX003,F01,2025-01-01
C01389,commercial,4.04,LT-2 Commercial,TX070,F09,2025-01-01
C01390,residential,2.45,LT-1 Domestic,TX062,F08,2025-01-01
C01391,residential,3.37,LT-1 Domestic,TX063,F08,2025-01-01
C01392,residential,2.54,LT-1 Domestic,TX094,F12,2025-01-01
C01393,residential,1.23,LT-1 Domestic,TX097,F13,2025-01-01
C01394,residential,2.42,LT-1 Domestic,TX048,F06,2025-01-01
C01395,commercial,4.73,LT-2 Commercial,TX019,F03,2025-01-01
C01396,commercial,5.49,LT-2 Commercial,TX024,F03,2025-01-01
C01397,residential,1.07,LT-1 Domestic,TX049,F07,2025-01-01
C01398,residential,3.57,LT-1 Domestic,TX020,F03,2025-01-01
C01399,residential,1.86,LT-1 Domestic,TX050,F07,2025-01-01
C01400,commercial,5.05,LT-2 Commercial,TX063,F08,2025-01-01
C01401,residential,1.17,LT-1 Domestic,TX094,F12,2025-01-01
C01402,commercial,2.31,LT-2 Commercial,TX029,F04,2025-01-01
C01403,commercial,9.27,LT-2 Commercial,TX100,F13,2025-01-01
C01404,residential,2.45,LT-1 Domestic,TX018,F03,2025-01-01
C01405,residential,3.76,LT-1 Domestic,TX093,F12,2025-01-01
C01406,residential,1.46,LT-1 Domestic,TX076,F10,2025-01-01
C01407,residential,2.45,LT-1 Domestic,TX036,F05,2026-04-02
C01408,residential,2.48,LT-1 Domestic,TX020,F03,2025-01-01
C01409,residential,2.53,LT-1 Domestic,TX056,F07,2025-01-01
C01410,residential,3.29,LT-1 Domestic,TX006,F01,2025-01-01
C01411,residential,2.52,LT-1 Domestic,TX066,F09,2025-01-01
C01412,commercial,3.44,LT-2 Commercial,TX016,F02,2025-01-01
C01413,residential,5.23,LT-1 Domestic,TX037,F05,2025-01-01
C01414,residential,4.47,LT-1 Domestic,TX089,F12,2025-01-01
C01415,residential,2.46,LT-1 Domestic,TX045,F06,2025-01-01
C01416,residential,9.0,LT-1 Domestic,TX097,F13,2025-01-01
C01417,residential,1.29,LT-1 Domestic,TX062,F08,2025-01-01
C01418,residential,1.45,LT-1 Domestic,TX037,F05,2025-01-01
C01419,commercial,9.48,LT-2 Commercial,TX018,F03,2025-01-01
C01420,residential,2.72,LT-1 Domestic,TX096,F12,2025-01-01
C01421,residential,0.68,LT-1 Domestic,TX003,F01,2025-01-01
C01422,residential,4.19,LT-1 Domestic,TX027,F04,2025-01-01
C01423,commercial,7.11,LT-2 Commercial,TX072,F09,2025-01-01
C01424,commercial,4.86,LT-2 Commercial,TX092,F12,2025-01-01
C01425,residential,3.57,LT-1 Domestic,TX020,F03,2025-01-01
C01426,industrial,4.3,HT-1 Industrial,TX053,F07,2025-01-01
C01427,residential,5.97,LT-1 Domestic,TX012,F02,2025-01-01
C01428,industrial,47.34,HT-1 Industrial,TX067,F09,2025-01-01
C01429,commercial,20.38,LT-2 Commercial,TX035,F05,2025-01-01
C01430,commercial,6.07,LT-2 Commercial,TX090,F12,2025-01-01
C01431,residential,1.95,LT-1 Domestic,TX090,F12,2025-01-01
C01432,commercial,6.42,LT-2 Commercial,TX094,F12,2025-01-01
C01433,residential,1.22,LT-1 Domestic,TX026,F04,2025-01-01
C01434,residential,1.28,LT-1 Domestic,TX065,F09,2025-01-01
C01435,residential,2.28,LT-1 Domestic,TX042,F06,2025-01-01
C01436,residential,5.58,LT-1 Domestic,TX006,F01,2025-01-01
C01437,residential,2.98,LT-1 Domestic,TX026,F04,2025-01-01
C01438,residential,2.74,LT-1 Domestic,TX027,F04,2026-03-28
C01439,residential,2.52,LT-1 Domestic,TX074,F10,2025-01-01
C01440,residential,1.37,LT-1 Domestic,TX055,F07,2025-01-01
C01441,residential,7.38,LT-1 Domestic,TX064,F08,2025-01-01
C01442,residential,1.88,LT-1 Domestic,TX021,F03,2026-04-02
C01443,residential,1.18,LT-1 Domestic,TX097,F13,2025-01-01
C01444,industrial,8.49,HT-1 Industrial,TX081,F11,2025-01-01
C01445,residential,1.36,LT-1 Domestic,TX028,F04,2025-01-01
C01446,residential,4.05,LT-1 Domestic,TX095,F12,2025-01-01
C01447,industrial,6.18,HT-1 Industrial,TX100,F13,2025-01-01
C01448,residential,2.22,LT-1 Domestic,TX002,F01,2025-01-01
C01449,industrial,11.3,HT-1 Industrial,TX061,F08,2025-01-01
C01450,residential,0.82,LT-1 Domestic,TX023,F03,2025-01-01
C01451,residential,7.68,LT-1 Domestic,TX033,F05,2025-01-01
C01452,residential,6.31,LT-1 Domestic,TX080,F10,2025-01-01
C01453,residential,1.71,LT-1 Domestic,TX072,F09,2025-01-01
C01454,residential,8.3,LT-1 Domestic,TX001,F01,2025-01-01
C01455,residential,2.22,LT-1 Domestic,TX077,F10,2025-01-01
C01456,industrial,16.62,HT-1 Industrial,TX088,F11,2025-01-01
C01457,residential,3.77,LT-1 Domestic,TX065,F09,2025-01-01
C01458,commercial,13.11,LT-2 Commercial,TX018,F03,2025-01-01
C01459,residential,2.79,LT-1 Domestic,TX054,F07,2025-01-01
C01460,residential,6.97,LT-1 Domestic,TX072,F09,2025-01-01
C01461,residential,3.0,LT-1 Domestic,TX081,F11,2025-01-01
C01462,residential,8.68,LT-1 Domestic,TX077,F10,2025-01-01
C01463,commercial,4.04,LT-2 Commercial,TX028,F04,2025-01-01
C01464,residential,2.64,LT-1 Domestic,TX014,F02,2025-01-01
C01465,commercial,14.41,LT-2 Commercial,TX016,F02,2025-01-01
C01466,residential,1.31,LT-1 Domestic,TX089,F12,2025-01-01
C01467,residential,1.16,LT-1 Domestic,TX052,F07,2025-01-01
C01468,residential,6.91,LT-1 Domestic,TX027,F04,2025-01-01
C01469,industrial,3.24,HT-1 Industrial,TX025,F04,2025-01-01
C01470,residential,3.94,LT-1 Domestic,TX093,F12,2025-01-01
C01471,residential,1.24,LT-1 Domestic,TX070,F09,2025-01-01
C01472,residential,1.72,LT-1 Domestic,TX086,F11,2025-01-01
C01473,residential,1.17,LT-1 Domestic,TX031,F04,2025-01-01
C01474,residential,2.01,LT-1 Domestic,TX099,F13,2025-01-01
C01475,residential,1.0,LT-1 Domestic,TX062,F08,2025-01-01
C01476,residential,1.79,LT-1 Domestic,TX051,F07,2025-01-01
C01477,industrial,10.31,HT-1 Industrial,TX081,F11,2025-01-01
C01478,commercial,3.49,LT-2 Commercial,TX058,F08,2025-01-01
C01479,commercial,9.79,LT-2 Commercial,TX074,F10,2025-01-01
C01480,residential,2.54,LT-1 Domestic,TX047,F06,2025-01-01
C01481,residential,1.67,LT-1 Domestic,TX080,F10,2025-01-01
C01482,residential,1.85,LT-1 Domestic,TX028,F04,2025-01-01
C01483,commercial,3.27,LT-2 Commercial,TX088,F11,2025-01-01
C01484,residential,12.42,LT-1 Domestic,TX100,F13,2025-01-01
C01485,residential,3.74,LT-1 Domestic,TX006,F01,2025-01-01
C01486,residential,1.39,LT-1 Domestic,TX078,F10,2025-01-01
C01487,residential,4.62,LT-1 Domestic,TX009,F02,2025-01-01
C01488,industrial,5.5,HT-1 Industrial,TX019,F03,2025-01-01
C01489,residential,1.79,LT-1 Domestic,TX087,F11,2025-01-01
C01490,residential,3.76,LT-1 Domestic,TX083,F11,2025-01-01
C01491,commercial,3.86,LT-2 Commercial,TX064,F08,2025-01-01
C01492,residential,2.04,LT-1 Domestic,TX070,F09,2026-05-15
C01493,commercial,7.45,LT-2 Commercial,TX094,F12,2025-01-01
C01494,commercial,17.74,LT-2 Commercial,TX043,F06,2025-01-01
C01495,residential,3.17,LT-1 Domestic,TX009,F02,2025-01-01
C01496,residential,1.06,LT-1 Domestic,TX004,F01,2025-01-01
C01497,residential,1.95,LT-1 Domestic,TX022,F03,2025-01-01
C01498,residential,4.86,LT-1 Domestic,TX015,F02,2026-05-06
C01499,residential,1.79,LT-1 Domestic,TX095,F12,2025-01-01
C01500,commercial,7.82,LT-2 Commercial,TX085,F11,2025-01-01
C01501,residential,2.51,LT-1 Domestic,TX020,F03,2025-01-01
C01502,residential,5.3,LT-1 Domestic,TX011,F02,2025-01-01
C01503,residential,3.28,LT-1 Domestic,TX082,F11,2026-05-12
C01504,commercial,3.08,LT-2 Commercial,TX072,F09,2025-01-01
C01505,commercial,6.15,LT-2 Commercial,TX099,F13,2025-01-01
C01506,residential,2.57,LT-1 Domestic,TX007,F01,2025-01-01
C01507,commercial,5.64,LT-2 Commercial,TX019,F03,2025-01-01
C01508,residential,9.1,LT-1 Domestic,TX011,F02,2025-01-01
C01509,residential,1.56,LT-1 Domestic,TX003,F01,2025-01-01
C01510,residential,2.08,LT-1 Domestic,TX064,F08,2025-01-01
C01511,residential,3.05,LT-1 Domestic,TX012,F02,2025-01-01
C01512,industrial,7.02,HT-1 Industrial,TX061,F08,2025-01-01
C01513,commercial,4.47,LT-2 Commercial,TX083,F11,2026-05-17
C01514,residential,5.68,LT-1 Domestic,TX033,F05,2025-01-01
C01515,residential,1.11,LT-1 Domestic,TX099,F13,2025-01-01
C01516,residential,0.98,LT-1 Domestic,TX046,F06,2025-01-01
C01517,residential,2.31,LT-1 Domestic,TX090,F12,2025-01-01
C01518,residential,2.35,LT-1 Domestic,TX100,F13,2025-01-01
C01519,residential,1.66,LT-1 Domestic,TX081,F11,2025-01-01
C01520,residential,2.66,LT-1 Domestic,TX087,F11,2025-01-01
C01521,residential,0.69,LT-1 Domestic,TX055,F07,2025-01-01
C01522,residential,2.83,LT-1 Domestic,TX029,F04,2025-01-01
C01523,commercial,3.58,LT-2 Commercial,TX039,F05,2025-01-01
C01524,residential,3.46,LT-1 Domestic,TX073,F10,2025-01-01
C01525,commercial,3.72,LT-2 Commercial,TX020,F03,2025-01-01
C01526,residential,5.19,LT-1 Domestic,TX056,F07,2025-01-01
C01527,residential,2.3,LT-1 Domestic,TX024,F03,2025-01-01
C01528,residential,2.78,LT-1 Domestic,TX069,F09,2025-01-01
C01529,commercial,1.99,LT-2 Commercial,TX054,F07,2025-01-01
C01530,industrial,6.7,HT-1 Industrial,TX032,F04,2025-01-01
C01531,residential,4.65,LT-1 Domestic,TX066,F09,2025-01-01
C01532,commercial,9.96,LT-2 Commercial,TX008,F01,2025-01-01
C01533,commercial,5.87,LT-2 Commercial,TX084,F11,2025-01-01
C01534,residential,2.73,LT-1 Domestic,TX075,F10,2025-01-01
C01535,residential,1.38,LT-1 Domestic,TX020,F03,2025-01-01
C01536,residential,2.34,LT-1 Domestic,TX025,F04,2025-01-01
C01537,residential,1.4,LT-1 Domestic,TX070,F09,2025-01-01
C01538,residential,3.92,LT-1 Domestic,TX074,F10,2025-01-01
C01539,residential,4.55,LT-1 Domestic,TX033,F05,2025-01-01
C01540,residential,1.35,LT-1 Domestic,TX052,F07,2025-01-01
C01541,residential,0.79,LT-1 Domestic,TX028,F04,2025-01-01
C01542,residential,1.25,LT-1 Domestic,TX044,F06,2025-01-01
C01543,residential,1.51,LT-1 Domestic,TX009,F02,2025-01-01
C01544,commercial,4.57,LT-2 Commercial,TX066,F09,2025-01-01
C01545,residential,3.93,LT-1 Domestic,TX098,F13,2025-01-01
C01546,residential,6.65,LT-1 Domestic,TX038,F05,2025-01-01
C01547,commercial,2.77,LT-2 Commercial,TX049,F07,2026-05-06
C01548,industrial,23.07,HT-1 Industrial,TX016,F02,2026-04-21
C01549,residential,9.72,LT-1 Domestic,TX082,F11,2025-01-01
C01550,residential,1.1,LT-1 Domestic,TX083,F11,2025-01-01
C01551,residential,2.93,LT-1 Domestic,TX007,F01,2025-01-01
C01552,residential,2.78,LT-1 Domestic,TX008,F01,2025-01-01
C01553,residential,6.82,LT-1 Domestic,TX057,F08,2025-01-01
C01554,commercial,1.95,LT-2 Commercial,TX074,F10,2025-01-01
C01555,residential,2.6,LT-1 Domestic,TX017,F03,2026-04-12
C01556,residential,1.69,LT-1 Domestic,TX038,F05,2025-01-01
C01557,residential,2.41,LT-1 Domestic,TX056,F07,2025-01-01
C01558,residential,1.5,LT-1 Domestic,TX055,F07,2026-05-02
C01559,commercial,7.47,LT-2 Commercial,TX021,F03,2025-01-01
C01560,residential,5.62,LT-1 Domestic,TX038,F05,2025-01-01
C01561,residential,4.85,LT-1 Domestic,TX001,F01,2025-01-01
C01562,residential,3.05,LT-1 Domestic,TX036,F05,2025-01-01
C01563,residential,2.34,LT-1 Domestic,TX003,F01,2025-01-01
C01564,commercial,7.49,LT-2 Commercial,TX044,F06,2025-01-01
C01565,residential,3.35,LT-1 Domestic,TX091,F12,2025-01-01
C01566,residential,3.07,LT-1 Domestic,TX053,F07,2025-01-01
C01567,residential,2.31,LT-1 Domestic,TX025,F04,2025-01-01
C01568,residential,1.84,LT-1 Domestic,TX085,F11,2025-01-01
C01569,residential,3.74,LT-1 Domestic,TX017,F03,2025-01-01
C01570,residential,0.83,LT-1 Domestic,TX032,F04,2025-01-01
C01571,commercial,3.72,LT-2 Commercial,TX088,F11,2025-01-01
C01572,industrial,10.26,HT-1 Industrial,TX086,F11,2025-01-01
C01573,residential,1.49,LT-1 Domestic,TX017,F03,2025-01-01
C01574,residential,2.26,LT-1 Domestic,TX029,F04,2025-01-01
C01575,commercial,2.52,LT-2 Commercial,TX032,F04,2025-01-01
C01576,residential,0.68,LT-1 Domestic,TX019,F03,2025-01-01
C01577,residential,1.55,LT-1 Domestic,TX100,F13,2025-01-01
C01578,residential,5.2,LT-1 Domestic,TX063,F08,2025-01-01
C01579,residential,1.95,LT-1 Domestic,TX026,F04,2025-01-01
C01580,residential,2.48,LT-1 Domestic,TX036,F05,2025-01-01
C01581,residential,0.51,LT-1 Domestic,TX007,F01,2025-01-01
C01582,residential,3.53,LT-1 Domestic,TX029,F04,2025-01-01
C01583,residential,2.71,LT-1 Domestic,TX008,F01,2025-01-01
C01584,commercial,4.7,LT-2 Commercial,TX019,F03,2025-01-01
C01585,industrial,13.68,HT-1 Industrial,TX042,F06,2025-01-01
C01586,residential,4.76,LT-1 Domestic,TX003,F01,2025-01-01
C01587,residential,2.53,LT-1 Domestic,TX043,F06,2025-01-01
C01588,residential,2.61,LT-1 Domestic,TX094,F12,2025-01-01
C01589,residential,6.95,LT-1 Domestic,TX061,F08,2025-01-01
C01590,commercial,6.09,LT-2 Commercial,TX026,F04,2025-01-01
C01591,residential,5.43,LT-1 Domestic,TX052,F07,2025-01-01
C01592,residential,1.57,LT-1 Domestic,TX062,F08,2025-01-01
C01593,residential,4.62,LT-1 Domestic,TX009,F02,2025-01-01
C01594,commercial,6.29,LT-2 Commercial,TX009,F02,2025-01-01
C01595,commercial,4.21,LT-2 Commercial,TX027,F04,2025-01-01
C01596,residential,1.96,LT-1 Domestic,TX086,F11,2025-01-01
C01597,commercial,4.35,LT-2 Commercial,TX060,F08,2025-01-01
C01598,residential,2.85,LT-1 Domestic,TX068,F09,2025-01-01
C01599,residential,2.54,LT-1 Domestic,TX080,F10,2025-01-01
C01600,residential,2.54,LT-1 Domestic,TX012,F02,2025-01-01
C01601,commercial,4.82,LT-2 Commercial,TX071,F09,2025-01-01
C01602,residential,5.81,LT-1 Domestic,TX067,F09,2025-01-01
C01603,residential,1.69,LT-1 Domestic,TX032,F04,2025-01-01
C01604,industrial,5.02,HT-1 Industrial,TX047,F06,2025-01-01
C01605,residential,3.41,LT-1 Domestic,TX038,F05,2025-01-01
C01606,commercial,16.0,LT-2 Commercial,TX024,F03,2025-01-01
C01607,residential,2.85,LT-1 Domestic,TX010,F02,2025-01-01
C01608,commercial,10.34,LT-2 Commercial,TX078,F10,2026-05-09
C01609,residential,1.81,LT-1 Domestic,TX042,F06,2026-04-09
C01610,commercial,12.67,LT-2 Commercial,TX059,F08,2025-01-01
C01611,industrial,18.2,HT-1 Industrial,TX066,F09,2025-01-01
C01612,commercial,3.9,LT-2 Commercial,TX070,F09,2025-01-01
C01613,residential,2.67,LT-1 Domestic,TX012,F02,2025-01-01
C01614,industrial,22.18,HT-1 Industrial,TX078,F10,2025-01-01
C01615,commercial,5.54,LT-2 Commercial,TX021,F03,2025-01-01
C01616,residential,1.7,LT-1 Domestic,TX017,F03,2025-01-01
C01617,residential,4.37,LT-1 Domestic,TX019,F03,2026-04-23
C01618,commercial,5.66,LT-2 Commercial,TX019,F03,2025-01-01
C01619,industrial,13.26,HT-1 Industrial,TX073,F10,2025-01-01
C01620,residential,1.68,LT-1 Domestic,TX028,F04,2025-01-01
C01621,residential,2.05,LT-1 Domestic,TX015,F02,2025-01-01
C01622,industrial,6.49,HT-1 Industrial,TX041,F06,2025-01-01
C01623,residential,3.63,LT-1 Domestic,TX091,F12,2026-05-01
C01624,residential,2.09,LT-1 Domestic,TX031,F04,2025-01-01
C01625,industrial,23.33,HT-1 Industrial,TX059,F08,2025-01-01
C01626,residential,0.9,LT-1 Domestic,TX029,F04,2025-01-01
C01627,residential,1.81,LT-1 Domestic,TX068,F09,2025-01-01
C01628,residential,3.32,LT-1 Domestic,TX060,F08,2025-01-01
C01629,industrial,8.91,HT-1 Industrial,TX057,F08,2025-01-01
C01630,industrial,13.77,HT-1 Industrial,TX008,F01,2025-01-01
C01631,residential,2.22,LT-1 Domestic,TX031,F04,2025-01-01
C01632,residential,3.99,LT-1 Domestic,TX086,F11,2025-01-01
C01633,residential,1.3,LT-1 Domestic,TX038,F05,2025-01-01
C01634,residential,2.5,LT-1 Domestic,TX074,F10,2025-01-01
C01635,residential,2.38,LT-1 Domestic,TX074,F10,2025-01-01
C01636,residential,2.76,LT-1 Domestic,TX053,F07,2025-01-01
C01637,commercial,4.47,LT-2 Commercial,TX099,F13,2026-05-12
C01638,residential,1.7,LT-1 Domestic,TX019,F03,2025-01-01
C01639,residential,1.71,LT-1 Domestic,TX024,F03,2025-01-01
C01640,commercial,2.83,LT-2 Commercial,TX029,F04,2025-01-01
C01641,residential,2.22,LT-1 Domestic,TX079,F10,2025-01-01
C01642,residential,1.85,LT-1 Domestic,TX047,F06,2025-01-01
C01643,residential,1.81,LT-1 Domestic,TX075,F10,2025-01-01
C01644,residential,1.78,LT-1 Domestic,TX069,F09,2025-01-01
C01645,residential,4.5,LT-1 Domestic,TX095,F12,2025-01-01
C01646,commercial,3.97,LT-2 Commercial,TX100,F13,2025-01-01
C01647,residential,2.38,LT-1 Domestic,TX002,F01,2025-01-01
C01648,residential,2.43,LT-1 Domestic,TX041,F06,2025-01-01
C01649,residential,1.21,LT-1 Domestic,TX099,F13,2025-01-01
C01650,industrial,4.94,HT-1 Industrial,TX007,F01,2025-01-01
C01651,residential,3.87,LT-1 Domestic,TX010,F02,2025-01-01
C01652,industrial,7.3,HT-1 Industrial,TX005,F01,2025-01-01
C01653,residential,9.86,LT-1 Domestic,TX092,F12,2025-01-01
C01654,industrial,7.77,HT-1 Industrial,TX072,F09,2026-05-14
C01655,residential,0.99,LT-1 Domestic,TX092,F12,2025-01-01
C01656,residential,1.47,LT-1 Domestic,TX079,F10,2025-01-01
C01657,residential,1.39,LT-1 Domestic,TX091,F12,2025-01-01
C01658,industrial,13.35,HT-1 Industrial,TX025,F04,2025-01-01
C01659,residential,1.26,LT-1 Domestic,TX008,F01,2025-01-01
C01660,residential,2.01,LT-1 Domestic,TX048,F06,2025-01-01
C01661,residential,2.37,LT-1 Domestic,TX060,F08,2025-01-01
C01662,commercial,6.56,LT-2 Commercial,TX052,F07,2025-01-01
C01663,residential,2.18,LT-1 Domestic,TX002,F01,2025-01-01
C01664,residential,1.24,LT-1 Domestic,TX048,F06,2025-01-01
C01665,residential,6.9,LT-1 Domestic,TX057,F08,2026-04-01
C01666,residential,5.22,LT-1 Domestic,TX080,F10,2025-01-01
C01667,residential,4.36,LT-1 Domestic,TX058,F08,2025-01-01
C01668,residential,2.13,LT-1 Domestic,TX067,F09,2025-01-01
C01669,residential,3.32,LT-1 Domestic,TX055,F07,2025-01-01
C01670,residential,4.71,LT-1 Domestic,TX022,F03,2025-01-01
C01671,residential,2.15,LT-1 Domestic,TX027,F04,2025-01-01
C01672,residential,4.2,LT-1 Domestic,TX091,F12,2025-01-01
C01673,commercial,2.64,LT-2 Commercial,TX016,F02,2025-01-01
C01674,residential,2.09,LT-1 Domestic,TX096,F12,2025-01-01
C01675,commercial,7.09,LT-2 Commercial,TX043,F06,2025-01-01
C01676,residential,2.89,LT-1 Domestic,TX020,F03,2025-01-01
C01677,residential,1.41,LT-1 Domestic,TX067,F09,2025-01-01
C01678,residential,5.81,LT-1 Domestic,TX074,F10,2025-01-01
C01679,residential,1.59,LT-1 Domestic,TX017,F03,2025-01-01
C01680,residential,2.02,LT-1 Domestic,TX005,F01,2025-01-01
C01681,commercial,3.53,LT-2 Commercial,TX036,F05,2025-01-01
C01682,residential,1.45,LT-1 Domestic,TX035,F05,2025-01-01
C01683,industrial,9.85,HT-1 Industrial,TX059,F08,2025-01-01
C01684,residential,4.33,LT-1 Domestic,TX075,F10,2025-01-01
C01685,residential,2.44,LT-1 Domestic,TX081,F11,2025-01-01
C01686,residential,5.29,LT-1 Domestic,TX010,F02,2025-01-01
C01687,commercial,2.51,LT-2 Commercial,TX052,F07,2025-01-01
C01688,commercial,4.14,LT-2 Commercial,TX065,F09,2025-01-01
C01689,residential,2.34,LT-1 Domestic,TX046,F06,2025-01-01
C01690,residential,2.28,LT-1 Domestic,TX064,F08,2025-01-01
C01691,residential,1.74,LT-1 Domestic,TX042,F06,2025-01-01
C01692,residential,1.43,LT-1 Domestic,TX041,F06,2025-01-01
C01693,residential,1.58,LT-1 Domestic,TX076,F10,2026-03-28
C01694,residential,3.35,LT-1 Domestic,TX078,F10,2025-01-01
C01695,commercial,6.06,LT-2 Commercial,TX036,F05,2025-01-01
C01696,residential,1.78,LT-1 Domestic,TX002,F01,2025-01-01
C01697,industrial,16.36,HT-1 Industrial,TX032,F04,2025-01-01
C01698,residential,1.52,LT-1 Domestic,TX027,F04,2025-01-01
C01699,residential,2.96,LT-1 Domestic,TX085,F11,2025-01-01
C01700,commercial,12.46,LT-2 Commercial,TX008,F01,2025-01-01
C01701,residential,3.72,LT-1 Domestic,TX093,F12,2025-01-01
C01702,residential,6.53,LT-1 Domestic,TX023,F03,2025-01-01
C01703,residential,2.68,LT-1 Domestic,TX013,F02,2025-01-01
C01704,residential,2.64,LT-1 Domestic,TX021,F03,2026-04-10
C01705,industrial,10.87,HT-1 Industrial,TX016,F02,2025-01-01
C01706,residential,4.82,LT-1 Domestic,TX099,F13,2025-01-01
C01707,residential,1.41,LT-1 Domestic,TX079,F10,2026-04-03
C01708,residential,4.58,LT-1 Domestic,TX018,F03,2025-01-01
C01709,residential,2.88,LT-1 Domestic,TX098,F13,2025-01-01
C01710,commercial,5.42,LT-2 Commercial,TX094,F12,2025-01-01
C01711,residential,0.99,LT-1 Domestic,TX099,F13,2025-01-01
C01712,residential,2.82,LT-1 Domestic,TX016,F02,2025-01-01
C01713,residential,0.68,LT-1 Domestic,TX083,F11,2025-01-01
C01714,residential,2.36,LT-1 Domestic,TX058,F08,2025-01-01
C01715,residential,2.04,LT-1 Domestic,TX059,F08,2025-01-01
C01716,industrial,8.22,HT-1 Industrial,TX015,F02,2025-01-01
C01717,commercial,6.07,LT-2 Commercial,TX097,F13,2026-03-30
C01718,residential,2.98,LT-1 Domestic,TX041,F06,2025-01-01
C01719,residential,0.92,LT-1 Domestic,TX021,F03,2025-01-01
C01720,residential,0.56,LT-1 Domestic,TX087,F11,2025-01-01
C01721,commercial,4.59,LT-2 Commercial,TX044,F06,2025-01-01
C01722,commercial,4.28,LT-2 Commercial,TX046,F06,2025-01-01
C01723,commercial,3.08,LT-2 Commercial,TX059,F08,2025-01-01
C01724,residential,5.54,LT-1 Domestic,TX080,F10,2025-01-01
C01725,residential,4.87,LT-1 Domestic,TX056,F07,2026-05-12
C01726,residential,1.25,LT-1 Domestic,TX004,F01,2025-01-01
C01727,residential,2.75,LT-1 Domestic,TX093,F12,2026-04-12
C01728,residential,1.12,LT-1 Domestic,TX098,F13,2025-01-01
C01729,residential,4.41,LT-1 Domestic,TX085,F11,2025-01-01
C01730,residential,7.34,LT-1 Domestic,TX002,F01,2025-01-01
C01731,residential,3.93,LT-1 Domestic,TX022,F03,2025-01-01
C01732,residential,1.81,LT-1 Domestic,TX030,F04,2025-01-01
C01733,residential,2.89,LT-1 Domestic,TX081,F11,2025-01-01
C01734,commercial,2.35,LT-2 Commercial,TX070,F09,2025-01-01
C01735,residential,1.24,LT-1 Domestic,TX066,F09,2025-01-01
C01736,residential,9.19,LT-1 Domestic,TX050,F07,2025-01-01
C01737,residential,1.93,LT-1 Domestic,TX034,F05,2025-01-01
C01738,residential,1.76,LT-1 Domestic,TX064,F08,2025-01-01
C01739,residential,2.62,LT-1 Domestic,TX076,F10,2025-01-01
C01740,residential,2.54,LT-1 Domestic,TX025,F04,2025-01-01
C01741,industrial,6.4,HT-1 Industrial,TX009,F02,2026-04-24
C01742,commercial,8.35,LT-2 Commercial,TX094,F12,2025-01-01
C01743,residential,2.43,LT-1 Domestic,TX018,F03,2025-01-01
C01744,commercial,4.6,LT-2 Commercial,TX004,F01,2026-05-17
C01745,residential,2.18,LT-1 Domestic,TX014,F02,2025-01-01
C01746,commercial,5.76,LT-2 Commercial,TX029,F04,2025-01-01
C01747,commercial,3.84,LT-2 Commercial,TX063,F08,2025-01-01
C01748,residential,1.43,LT-1 Domestic,TX023,F03,2025-01-01
C01749,industrial,8.25,HT-1 Industrial,TX041,F06,2025-01-01
C01750,residential,5.72,LT-1 Domestic,TX084,F11,2025-01-01
C01751,residential,3.49,LT-1 Domestic,TX060,F08,2025-01-01
C01752,industrial,7.55,HT-1 Industrial,TX065,F09,2025-01-01
C01753,residential,2.08,LT-1 Domestic,TX079,F10,2025-01-01
C01754,industrial,9.82,HT-1 Industrial,TX010,F02,2025-01-01
C01755,residential,2.85,LT-1 Domestic,TX029,F04,2025-01-01
C01756,residential,0.99,LT-1 Domestic,TX077,F10,2025-01-01
C01757,commercial,5.22,LT-2 Commercial,TX035,F05,2025-01-01
C01758,residential,4.73,LT-1 Domestic,TX097,F13,2025-01-01
C01759,residential,2.66,LT-1 Domestic,TX055,F07,2025-01-01
C01760,residential,3.0,LT-1 Domestic,TX046,F06,2025-01-01
C01761,residential,2.9,LT-1 Domestic,TX090,F12,2025-01-01
C01762,industrial,12.76,HT-1 Industrial,TX096,F12,2025-01-01
C01763,commercial,2.7,LT-2 Commercial,TX080,F10,2025-01-01
C01764,residential,3.44,LT-1 Domestic,TX081,F11,2025-01-01
C01765,residential,3.81,LT-1 Domestic,TX063,F08,2025-01-01
C01766,commercial,1.89,LT-2 Commercial,TX085,F11,2026-04-08
C01767,residential,2.3,LT-1 Domestic,TX054,F07,2025-01-01
C01768,residential,1.33,LT-1 Domestic,TX001,F01,2025-01-01
C01769,residential,2.88,LT-1 Domestic,TX044,F06,2026-04-03
C01770,industrial,5.18,HT-1 Industrial,TX045,F06,2025-01-01
C01771,residential,3.19,LT-1 Domestic,TX023,F03,2025-01-01
C01772,residential,13.98,LT-1 Domestic,TX076,F10,2025-01-01
C01773,residential,1.8,LT-1 Domestic,TX053,F07,2025-01-01
C01774,residential,1.08,LT-1 Domestic,TX013,F02,2025-01-01
C01775,residential,1.15,LT-1 Domestic,TX089,F12,2025-01-01
C01776,residential,2.81,LT-1 Domestic,TX098,F13,2025-01-01
C01777,residential,3.06,LT-1 Domestic,TX094,F12,2025-01-01
C01778,industrial,7.95,HT-1 Industrial,TX022,F03,2025-01-01
C01779,residential,1.76,LT-1 Domestic,TX005,F01,2025-01-01
C01780,residential,1.9,LT-1 Domestic,TX054,F07,2025-01-01
C01781,residential,1.7,LT-1 Domestic,TX055,F07,2025-01-01
C01782,residential,2.35,LT-1 Domestic,TX006,F01,2025-01-01
C01783,residential,2.08,LT-1 Domestic,TX079,F10,2025-01-01
C01784,residential,2.03,LT-1 Domestic,TX096,F12,2025-01-01
C01785,residential,2.31,LT-1 Domestic,TX032,F04,2025-01-01
C01786,commercial,1.96,LT-2 Commercial,TX064,F08,2025-01-01
C01787,residential,1.1,LT-1 Domestic,TX001,F01,2025-01-01
C01788,commercial,13.87,LT-2 Commercial,TX018,F03,2025-01-01
C01789,residential,2.2,LT-1 Domestic,TX035,F05,2025-01-01
C01790,residential,1.82,LT-1 Domestic,TX044,F06,2025-01-01
C01791,residential,3.53,LT-1 Domestic,TX061,F08,2025-01-01
C01792,residential,1.45,LT-1 Domestic,TX001,F01,2025-01-01
C01793,residential,2.09,LT-1 Domestic,TX033,F05,2025-01-01
C01794,commercial,6.45,LT-2 Commercial,TX014,F02,2025-01-01
C01795,industrial,16.39,HT-1 Industrial,TX100,F13,2025-01-01
C01796,commercial,9.11,LT-2 Commercial,TX003,F01,2025-01-01
C01797,commercial,6.17,LT-2 Commercial,TX089,F12,2025-01-01
C01798,residential,2.75,LT-1 Domestic,TX036,F05,2025-01-01
C01799,residential,2.76,LT-1 Domestic,TX001,F01,2025-01-01
C01800,commercial,8.61,LT-2 Commercial,TX017,F03,2025-01-01
C01801,commercial,2.94,LT-2 Commercial,TX085,F11,2025-01-01
C01802,residential,3.76,LT-1 Domestic,TX050,F07,2025-01-01
C01803,industrial,10.42,HT-1 Industrial,TX053,F07,2025-01-01
C01804,industrial,18.57,HT-1 Industrial,TX025,F04,2025-01-01
C01805,residential,1.87,LT-1 Domestic,TX071,F09,2026-04-09
C01806,residential,6.97,LT-1 Domestic,TX067,F09,2025-01-01
C01807,residential,2.08,LT-1 Domestic,TX089,F12,2026-04-14
C01808,residential,2.96,LT-1 Domestic,TX095,F12,2025-01-01
C01809,residential,7.18,LT-1 Domestic,TX013,F02,2025-01-01
C01810,residential,7.54,LT-1 Domestic,TX071,F09,2025-01-01
C01811,industrial,7.19,HT-1 Industrial,TX090,F12,2025-01-01
C01812,residential,2.56,LT-1 Domestic,TX060,F08,2025-01-01
C01813,industrial,17.23,HT-1 Industrial,TX093,F12,2025-01-01
C01814,residential,8.37,LT-1 Domestic,TX085,F11,2025-01-01
C01815,residential,6.79,LT-1 Domestic,TX085,F11,2025-01-01
C01816,commercial,7.86,LT-2 Commercial,TX091,F12,2025-01-01
C01817,residential,4.71,LT-1 Domestic,TX012,F02,2025-01-01
C01818,industrial,2.98,HT-1 Industrial,TX010,F02,2025-01-01
C01819,residential,2.88,LT-1 Domestic,TX059,F08,2025-01-01
C01820,residential,2.13,LT-1 Domestic,TX047,F06,2025-01-01
C01821,residential,2.84,LT-1 Domestic,TX052,F07,2025-01-01
C01822,residential,1.7,LT-1 Domestic,TX085,F11,2025-01-01
C01823,residential,3.29,LT-1 Domestic,TX089,F12,2025-01-01
C01824,residential,2.19,LT-1 Domestic,TX091,F12,2025-01-01
C01825,residential,2.82,LT-1 Domestic,TX099,F13,2025-01-01
C01826,residential,3.45,LT-1 Domestic,TX097,F13,2025-01-01
C01827,residential,2.62,LT-1 Domestic,TX087,F11,2025-01-01
C01828,residential,4.35,LT-1 Domestic,TX081,F11,2025-01-01
C01829,residential,4.18,LT-1 Domestic,TX024,F03,2025-01-01
C01830,residential,3.72,LT-1 Domestic,TX089,F12,2026-05-14
C01831,residential,2.97,LT-1 Domestic,TX066,F09,2026-05-20
C01832,commercial,11.79,LT-2 Commercial,TX028,F04,2025-01-01
C01833,residential,3.63,LT-1 Domestic,TX022,F03,2025-01-01
C01834,residential,1.52,LT-1 Domestic,TX065,F09,2025-01-01
C01835,residential,2.74,LT-1 Domestic,TX052,F07,2025-01-01
C01836,residential,1.46,LT-1 Domestic,TX023,F03,2025-01-01
C01837,residential,0.45,LT-1 Domestic,TX069,F09,2025-01-01
C01838,residential,1.52,LT-1 Domestic,TX039,F05,2025-01-01
C01839,residential,2.61,LT-1 Domestic,TX021,F03,2025-01-01
C01840,residential,2.15,LT-1 Domestic,TX080,F10,2025-01-01
C01841,residential,2.2,LT-1 Domestic,TX018,F03,2025-01-01
C01842,residential,2.78,LT-1 Domestic,TX073,F10,2025-01-01
C01843,residential,3.49,LT-1 Domestic,TX079,F10,2025-01-01
C01844,residential,4.35,LT-1 Domestic,TX078,F10,2025-01-01
C01845,commercial,5.01,LT-2 Commercial,TX052,F07,2025-01-01
C01846,commercial,1.29,LT-2 Commercial,TX035,F05,2025-01-01
C01847,residential,1.92,LT-1 Domestic,TX043,F06,2025-01-01
C01848,residential,1.3,LT-1 Domestic,TX013,F02,2025-01-01
C01849,commercial,5.4,LT-2 Commercial,TX029,F04,2025-01-01
C01850,residential,1.05,LT-1 Domestic,TX050,F07,2025-01-01
C01851,commercial,4.36,LT-2 Commercial,TX084,F11,2025-01-01
C01852,residential,2.18,LT-1 Domestic,TX017,F03,2025-01-01
C01853,residential,4.51,LT-1 Domestic,TX033,F05,2025-01-01
C01854,residential,4.2,LT-1 Domestic,TX006,F01,2025-01-01
C01855,residential,1.01,LT-1 Domestic,TX033,F05,2025-01-01
C01856,residential,2.4,LT-1 Domestic,TX005,F01,2025-01-01
C01857,residential,0.77,LT-1 Domestic,TX005,F01,2025-01-01
C01858,commercial,2.04,LT-2 Commercial,TX064,F08,2026-04-14
C01859,residential,5.61,LT-1 Domestic,TX003,F01,2025-01-01
C01860,residential,3.01,LT-1 Domestic,TX095,F12,2026-04-14
C01861,residential,3.36,LT-1 Domestic,TX022,F03,2025-01-01
C01862,residential,6.35,LT-1 Domestic,TX016,F02,2025-01-01
C01863,residential,4.9,LT-1 Domestic,TX042,F06,2025-01-01
C01864,residential,2.52,LT-1 Domestic,TX025,F04,2025-01-01
C01865,industrial,3.97,HT-1 Industrial,TX014,F02,2025-01-01
C01866,commercial,3.58,LT-2 Commercial,TX095,F12,2025-01-01
C01867,commercial,7.15,LT-2 Commercial,TX025,F04,2025-01-01
C01868,residential,1.12,LT-1 Domestic,TX020,F03,2025-01-01
C01869,residential,2.74,LT-1 Domestic,TX060,F08,2025-01-01
C01870,commercial,2.54,LT-2 Commercial,TX049,F07,2026-04-08
C01871,industrial,9.38,HT-1 Industrial,TX100,F13,2025-01-01
C01872,commercial,6.6,LT-2 Commercial,TX043,F06,2025-01-01
C01873,residential,4.29,LT-1 Domestic,TX059,F08,2025-01-01
C01874,commercial,5.45,LT-2 Commercial,TX010,F02,2025-01-01
C01875,residential,1.92,LT-1 Domestic,TX050,F07,2025-01-01
C01876,residential,2.75,LT-1 Domestic,TX088,F11,2025-01-01
C01877,residential,6.62,LT-1 Domestic,TX016,F02,2025-01-01
C01878,industrial,14.22,HT-1 Industrial,TX052,F07,2025-01-01
C01879,residential,2.36,LT-1 Domestic,TX034,F05,2025-01-01
C01880,commercial,2.76,LT-2 Commercial,TX013,F02,2025-01-01
C01881,residential,0.94,LT-1 Domestic,TX019,F03,2025-01-01
C01882,residential,2.04,LT-1 Domestic,TX055,F07,2025-01-01
C01883,residential,1.79,LT-1 Domestic,TX070,F09,2025-01-01
C01884,residential,3.44,LT-1 Domestic,TX032,F04,2025-01-01
C01885,residential,1.86,LT-1 Domestic,TX054,F07,2025-01-01
C01886,residential,1.69,LT-1 Domestic,TX088,F11,2025-01-01
C01887,residential,1.28,LT-1 Domestic,TX035,F05,2025-01-01
C01888,residential,3.08,LT-1 Domestic,TX098,F13,2025-01-01
C01889,residential,3.31,LT-1 Domestic,TX076,F10,2025-01-01
C01890,commercial,8.1,LT-2 Commercial,TX035,F05,2025-01-01
C01891,residential,1.68,LT-1 Domestic,TX099,F13,2025-01-01
C01892,residential,3.8,LT-1 Domestic,TX029,F04,2025-01-01
C01893,commercial,7.48,LT-2 Commercial,TX031,F04,2025-01-01
C01894,residential,2.87,LT-1 Domestic,TX087,F11,2025-01-01
C01895,commercial,17.82,LT-2 Commercial,TX082,F11,2025-01-01
C01896,commercial,5.77,LT-2 Commercial,TX098,F13,2025-01-01
C01897,residential,1.45,LT-1 Domestic,TX068,F09,2025-01-01
C01898,residential,2.67,LT-1 Domestic,TX068,F09,2025-01-01
C01899,commercial,6.62,LT-2 Commercial,TX080,F10,2025-01-01
C01900,industrial,6.7,HT-1 Industrial,TX079,F10,2025-01-01
C01901,residential,1.79,LT-1 Domestic,TX037,F05,2026-05-20
C01902,residential,2.89,LT-1 Domestic,TX084,F11,2025-01-01
C01903,industrial,17.13,HT-1 Industrial,TX039,F05,2025-01-01
C01904,residential,4.82,LT-1 Domestic,TX022,F03,2025-01-01
C01905,residential,2.46,LT-1 Domestic,TX031,F04,2025-01-01
C01906,commercial,5.73,LT-2 Commercial,TX020,F03,2025-01-01
C01907,residential,2.25,LT-1 Domestic,TX095,F12,2025-01-01
C01908,residential,2.62,LT-1 Domestic,TX093,F12,2025-01-01
C01909,residential,2.17,LT-1 Domestic,TX030,F04,2025-01-01
C01910,residential,0.84,LT-1 Domestic,TX040,F05,2025-01-01
C01911,residential,5.56,LT-1 Domestic,TX015,F02,2025-01-01
C01912,residential,3.67,LT-1 Domestic,TX098,F13,2025-01-01
C01913,commercial,8.29,LT-2 Commercial,TX089,F12,2025-01-01
C01914,commercial,4.11,LT-2 Commercial,TX018,F03,2025-01-01
C01915,residential,4.57,LT-1 Domestic,TX044,F06,2025-01-01
C01916,commercial,1.53,LT-2 Commercial,TX085,F11,2025-01-01
C01917,residential,5.53,LT-1 Domestic,TX058,F08,2025-01-01
C01918,residential,5.95,LT-1 Domestic,TX058,F08,2025-01-01
C01919,residential,4.37,LT-1 Domestic,TX051,F07,2025-01-01
C01920,residential,2.06,LT-1 Domestic,TX096,F12,2025-01-01
C01921,commercial,13.64,LT-2 Commercial,TX004,F01,2025-01-01
C01922,residential,3.55,LT-1 Domestic,TX079,F10,2025-01-01
C01923,residential,3.2,LT-1 Domestic,TX017,F03,2025-01-01
C01924,residential,7.16,LT-1 Domestic,TX010,F02,2025-01-01
C01925,commercial,5.65,LT-2 Commercial,TX074,F10,2025-01-01
C01926,residential,1.95,LT-1 Domestic,TX089,F12,2025-01-01
C01927,residential,1.12,LT-1 Domestic,TX020,F03,2025-01-01
C01928,residential,3.12,LT-1 Domestic,TX042,F06,2025-01-01
C01929,residential,0.83,LT-1 Domestic,TX026,F04,2025-01-01
C01930,residential,1.6,LT-1 Domestic,TX098,F13,2025-01-01
C01931,residential,2.45,LT-1 Domestic,TX089,F12,2025-01-01
C01932,residential,2.74,LT-1 Domestic,TX043,F06,2025-01-01
C01933,residential,2.64,LT-1 Domestic,TX054,F07,2025-01-01
C01934,residential,1.82,LT-1 Domestic,TX036,F05,2025-01-01
C01935,residential,1.5,LT-1 Domestic,TX053,F07,2025-01-01
C01936,residential,1.33,LT-1 Domestic,TX076,F10,2025-01-01
C01937,residential,3.42,LT-1 Domestic,TX099,F13,2025-01-01
C01938,residential,1.79,LT-1 Domestic,TX016,F02,2025-01-01
C01939,commercial,4.75,LT-2 Commercial,TX074,F10,2025-01-01
C01940,residential,2.91,LT-1 Domestic,TX060,F08,2025-01-01
C01941,residential,2.26,LT-1 Domestic,TX014,F02,2025-01-01
C01942,residential,8.36,LT-1 Domestic,TX078,F10,2025-01-01
C01943,residential,2.12,LT-1 Domestic,TX031,F04,2025-01-01
C01944,commercial,6.0,LT-2 Commercial,TX022,F03,2025-01-01
C01945,residential,1.31,LT-1 Domestic,TX004,F01,2026-04-03
C01946,residential,4.23,LT-1 Domestic,TX089,F12,2026-05-19
C01947,residential,6.8,LT-1 Domestic,TX090,F12,2025-01-01
C01948,residential,1.25,LT-1 Domestic,TX055,F07,2025-01-01
C01949,commercial,1.99,LT-2 Commercial,TX032,F04,2025-01-01
C01950,residential,2.56,LT-1 Domestic,TX089,F12,2025-01-01
C01951,residential,4.26,LT-1 Domestic,TX057,F08,2025-01-01
C01952,industrial,11.45,HT-1 Industrial,TX038,F05,2025-01-01
C01953,commercial,2.04,LT-2 Commercial,TX010,F02,2025-01-01
C01954,residential,1.64,LT-1 Domestic,TX048,F06,2025-01-01
C01955,residential,1.25,LT-1 Domestic,TX094,F12,2025-01-01
C01956,residential,2.68,LT-1 Domestic,TX062,F08,2025-01-01
C01957,residential,3.33,LT-1 Domestic,TX005,F01,2025-01-01
C01958,residential,1.69,LT-1 Domestic,TX067,F09,2025-01-01
C01959,residential,1.32,LT-1 Domestic,TX048,F06,2025-01-01
C01960,commercial,3.63,LT-2 Commercial,TX060,F08,2025-01-01
C01961,industrial,3.83,HT-1 Industrial,TX065,F09,2025-01-01
C01962,commercial,8.89,LT-2 Commercial,TX006,F01,2025-01-01
C01963,residential,3.6,LT-1 Domestic,TX043,F06,2026-05-10
C01964,residential,1.9,LT-1 Domestic,TX018,F03,2025-01-01
C01965,residential,3.07,LT-1 Domestic,TX087,F11,2025-01-01
C01966,residential,3.12,LT-1 Domestic,TX088,F11,2025-01-01
C01967,residential,1.29,LT-1 Domestic,TX091,F12,2025-01-01
C01968,residential,2.7,LT-1 Domestic,TX073,F10,2025-01-01
C01969,residential,1.56,LT-1 Domestic,TX095,F12,2025-01-01
C01970,residential,5.28,LT-1 Domestic,TX077,F10,2025-01-01
C01971,residential,4.69,LT-1 Domestic,TX064,F08,2025-01-01
C01972,residential,2.83,LT-1 Domestic,TX046,F06,2025-01-01
C01973,residential,3.92,LT-1 Domestic,TX041,F06,2025-01-01
C01974,commercial,7.77,LT-2 Commercial,TX054,F07,2025-01-01
C01975,industrial,9.11,HT-1 Industrial,TX075,F10,2025-01-01
C01976,industrial,11.98,HT-1 Industrial,TX035,F05,2025-01-01
C01977,industrial,16.13,HT-1 Industrial,TX084,F11,2026-04-22
C01978,commercial,3.1,LT-2 Commercial,TX044,F06,2025-01-01
C01979,commercial,3.65,LT-2 Commercial,TX039,F05,2025-01-01
C01980,residential,2.67,LT-1 Domestic,TX062,F08,2025-01-01
C01981,industrial,11.45,HT-1 Industrial,TX050,F07,2025-01-01
C01982,residential,1.45,LT-1 Domestic,TX048,F06,2025-01-01
C01983,residential,3.98,LT-1 Domestic,TX085,F11,2025-01-01
C01984,industrial,7.63,HT-1 Industrial,TX072,F09,2025-01-01
C01985,industrial,14.35,HT-1 Industrial,TX005,F01,2025-01-01
C01986,residential,4.96,LT-1 Domestic,TX042,F06,2025-01-01
C01987,industrial,8.45,HT-1 Industrial,TX026,F04,2025-01-01
C01988,residential,1.84,LT-1 Domestic,TX043,F06,2025-01-01
C01989,residential,0.54,LT-1 Domestic,TX063,F08,2025-01-01
C01990,residential,4.3,LT-1 Domestic,TX067,F09,2025-01-01
C01991,residential,1.75,LT-1 Domestic,TX081,F11,2025-01-01
C01992,residential,2.93,LT-1 Domestic,TX074,F10,2025-01-01
C01993,residential,3.26,LT-1 Domestic,TX099,F13,2025-01-01
C01994,residential,3.67,LT-1 Domestic,TX048,F06,2025-01-01
C01995,residential,2.08,LT-1 Domestic,TX051,F07,2026-04-16
C01996,commercial,2.91,LT-2 Commercial,TX034,F05,2025-01-01
C01997,residential,4.51,LT-1 Domestic,TX061,F08,2025-01-01
C01998,residential,3.35,LT-1 Domestic,TX031,F04,2025-01-01
C01999,residential,6.02,LT-1 Domestic,TX094,F12,2025-01-01
C02000,commercial,8.47,LT-2 Commercial,TX080,F10,2025-01-01
C02001,residential,3.33,LT-1 Domestic,TX026,F04,2025-01-01
C02002,industrial,2.26,HT-1 Industrial,TX061,F08,2026-04-03
C02003,residential,4.67,LT-1 Domestic,TX065,F09,2025-01-01
C02004,industrial,12.2,HT-1 Industrial,TX014,F02,2025-01-01
C02005,industrial,50.21,HT-1 Industrial,TX027,F04,2025-01-01
C02006,industrial,21.79,HT-1 Industrial,TX002,F01,2026-05-18
C02007,residential,4.0,LT-1 Domestic,TX087,F11,2025-01-01
C02008,commercial,6.0,LT-2 Commercial,TX031,F04,2025-01-01
C02009,residential,1.55,LT-1 Domestic,TX046,F06,2025-01-01
C02010,commercial,2.56,LT-2 Commercial,TX065,F09,2025-01-01
C02011,residential,2.27,LT-1 Domestic,TX026,F04,2026-05-01
C02012,commercial,5.1,LT-2 Commercial,TX098,F13,2025-01-01
C02013,residential,2.55,LT-1 Domestic,TX092,F12,2025-01-01
C02014,residential,1.41,LT-1 Domestic,TX100,F13,2025-01-01
C02015,residential,4.48,LT-1 Domestic,TX051,F07,2025-01-01
C02016,residential,1.42,LT-1 Domestic,TX032,F04,2025-01-01
C02017,residential,2.77,LT-1 Domestic,TX009,F02,2025-01-01
C02018,commercial,5.14,LT-2 Commercial,TX054,F07,2025-01-01
C02019,commercial,4.01,LT-2 Commercial,TX023,F03,2025-01-01
C02020,commercial,3.38,LT-2 Commercial,TX033,F05,2025-01-01
C02021,industrial,6.33,HT-1 Industrial,TX057,F08,2025-01-01
C02022,residential,1.0,LT-1 Domestic,TX057,F08,2025-01-01
C02023,commercial,4.12,LT-2 Commercial,TX057,F08,2025-01-01
C02024,residential,2.6,LT-1 Domestic,TX028,F04,2025-01-01
C02025,residential,2.68,LT-1 Domestic,TX039,F05,2025-01-01
C02026,residential,2.85,LT-1 Domestic,TX016,F02,2025-01-01
C02027,residential,2.54,LT-1 Domestic,TX033,F05,2025-01-01
C02028,commercial,4.43,LT-2 Commercial,TX003,F01,2025-01-01
C02029,commercial,5.86,LT-2 Commercial,TX021,F03,2025-01-01
C02030,residential,2.08,LT-1 Domestic,TX072,F09,2025-01-01
C02031,commercial,8.28,LT-2 Commercial,TX025,F04,2025-01-01
C02032,residential,2.94,LT-1 Domestic,TX002,F01,2025-01-01
C02033,residential,1.46,LT-1 Domestic,TX026,F04,2025-01-01
C02034,commercial,14.88,LT-2 Commercial,TX088,F11,2025-01-01
C02035,residential,9.24,LT-1 Domestic,TX081,F11,2025-01-01
C02036,residential,1.49,LT-1 Domestic,TX074,F10,2025-01-01
C02037,residential,2.44,LT-1 Domestic,TX049,F07,2025-01-01
C02038,residential,3.23,LT-1 Domestic,TX038,F05,2025-01-01
C02039,residential,2.95,LT-1 Domestic,TX024,F03,2026-03-28
C02040,residential,2.03,LT-1 Domestic,TX059,F08,2025-01-01
C02041,commercial,3.35,LT-2 Commercial,TX006,F01,2025-01-01
C02042,residential,3.03,LT-1 Domestic,TX067,F09,2025-01-01
C02043,residential,3.38,LT-1 Domestic,TX011,F02,2025-01-01
C02044,residential,2.1,LT-1 Domestic,TX030,F04,2025-01-01
C02045,residential,2.8,LT-1 Domestic,TX017,F03,2025-01-01
C02046,residential,1.47,LT-1 Domestic,TX031,F04,2025-01-01
C02047,residential,1.01,LT-1 Domestic,TX011,F02,2025-01-01
C02048,residential,3.19,LT-1 Domestic,TX004,F01,2025-01-01
C02049,commercial,6.83,LT-2 Commercial,TX037,F05,2025-01-01
C02050,commercial,1.5,LT-2 Commercial,TX030,F04,2025-01-01
C02051,residential,2.32,LT-1 Domestic,TX047,F06,2025-01-01
C02052,residential,1.9,LT-1 Domestic,TX050,F07,2025-01-01
C02053,residential,5.18,LT-1 Domestic,TX049,F07,2025-01-01
C02054,residential,3.11,LT-1 Domestic,TX100,F13,2025-01-01
C02055,residential,2.58,LT-1 Domestic,TX052,F07,2025-01-01
C02056,residential,4.43,LT-1 Domestic,TX029,F04,2025-01-01
C02057,commercial,4.34,LT-2 Commercial,TX053,F07,2025-01-01
C02058,residential,1.74,LT-1 Domestic,TX080,F10,2025-01-01
C02059,residential,5.97,LT-1 Domestic,TX084,F11,2025-01-01
C02060,industrial,6.02,HT-1 Industrial,TX006,F01,2025-01-01
C02061,commercial,1.47,LT-2 Commercial,TX061,F08,2025-01-01
C02062,residential,2.28,LT-1 Domestic,TX061,F08,2025-01-01
C02063,commercial,3.85,LT-2 Commercial,TX020,F03,2025-01-01
C02064,residential,0.91,LT-1 Domestic,TX009,F02,2025-01-01
C02065,commercial,3.96,LT-2 Commercial,TX015,F02,2026-04-27
C02066,residential,4.37,LT-1 Domestic,TX015,F02,2025-01-01
C02067,industrial,7.84,HT-1 Industrial,TX007,F01,2026-05-14
C02068,residential,3.38,LT-1 Domestic,TX030,F04,2025-01-01
C02069,residential,3.77,LT-1 Domestic,TX045,F06,2025-01-01
C02070,residential,2.39,LT-1 Domestic,TX092,F12,2025-01-01
C02071,residential,1.22,LT-1 Domestic,TX071,F09,2025-01-01
C02072,residential,1.83,LT-1 Domestic,TX024,F03,2025-01-01
C02073,residential,3.67,LT-1 Domestic,TX021,F03,2025-01-01
C02074,residential,2.96,LT-1 Domestic,TX034,F05,2025-01-01
C02075,commercial,8.28,LT-2 Commercial,TX059,F08,2025-01-01
C02076,residential,1.8,LT-1 Domestic,TX008,F01,2025-01-01
C02077,residential,2.68,LT-1 Domestic,TX048,F06,2025-01-01
C02078,residential,1.29,LT-1 Domestic,TX060,F08,2025-01-01
C02079,industrial,10.55,HT-1 Industrial,TX071,F09,2025-01-01
C02080,residential,2.85,LT-1 Domestic,TX033,F05,2025-01-01
C02081,residential,3.16,LT-1 Domestic,TX027,F04,2025-01-01
C02082,residential,4.77,LT-1 Domestic,TX076,F10,2025-01-01
C02083,residential,4.75,LT-1 Domestic,TX006,F01,2025-01-01
C02084,residential,4.36,LT-1 Domestic,TX058,F08,2025-01-01
C02085,residential,2.08,LT-1 Domestic,TX028,F04,2025-01-01
C02086,residential,4.63,LT-1 Domestic,TX090,F12,2025-01-01
C02087,residential,1.28,LT-1 Domestic,TX069,F09,2025-01-01
C02088,commercial,4.59,LT-2 Commercial,TX019,F03,2025-01-01
C02089,residential,5.02,LT-1 Domestic,TX022,F03,2025-01-01
C02090,residential,3.68,LT-1 Domestic,TX065,F09,2025-01-01
C02091,industrial,23.89,HT-1 Industrial,TX028,F04,2025-01-01
C02092,residential,4.49,LT-1 Domestic,TX066,F09,2025-01-01
C02093,commercial,4.54,LT-2 Commercial,TX014,F02,2025-01-01
C02094,residential,2.38,LT-1 Domestic,TX068,F09,2025-01-01
C02095,residential,2.98,LT-1 Domestic,TX086,F11,2025-01-01
C02096,industrial,6.98,HT-1 Industrial,TX087,F11,2026-04-15
C02097,residential,2.55,LT-1 Domestic,TX086,F11,2025-01-01
C02098,residential,1.48,LT-1 Domestic,TX007,F01,2026-05-03
C02099,residential,2.8,LT-1 Domestic,TX044,F06,2025-01-01
C02100,residential,3.57,LT-1 Domestic,TX030,F04,2025-01-01
C02101,residential,2.73,LT-1 Domestic,TX020,F03,2025-01-01
C02102,residential,2.09,LT-1 Domestic,TX049,F07,2025-01-01
C02103,residential,2.86,LT-1 Domestic,TX086,F11,2025-01-01
C02104,commercial,10.81,LT-2 Commercial,TX025,F04,2025-01-01
C02105,residential,3.11,LT-1 Domestic,TX100,F13,2025-01-01
C02106,residential,1.05,LT-1 Domestic,TX056,F07,2025-01-01
C02107,residential,5.91,LT-1 Domestic,TX007,F01,2025-01-01
C02108,residential,2.78,LT-1 Domestic,TX006,F01,2025-01-01
C02109,industrial,4.44,HT-1 Industrial,TX078,F10,2025-01-01
C02110,commercial,4.19,LT-2 Commercial,TX024,F03,2025-01-01
C02111,residential,7.12,LT-1 Domestic,TX041,F06,2025-01-01
C02112,residential,2.59,LT-1 Domestic,TX036,F05,2026-03-29
C02113,commercial,9.89,LT-2 Commercial,TX007,F01,2025-01-01
C02114,residential,4.5,LT-1 Domestic,TX036,F05,2025-01-01
C02115,commercial,5.22,LT-2 Commercial,TX040,F05,2025-01-01
C02116,residential,2.18,LT-1 Domestic,TX053,F07,2025-01-01
C02117,residential,4.97,LT-1 Domestic,TX007,F01,2025-01-01
C02118,residential,4.96,LT-1 Domestic,TX072,F09,2025-01-01
C02119,residential,1.19,LT-1 Domestic,TX034,F05,2025-01-01
C02120,industrial,9.38,HT-1 Industrial,TX008,F01,2026-04-12
C02121,residential,1.29,LT-1 Domestic,TX088,F11,2025-01-01
C02122,residential,5.21,LT-1 Domestic,TX002,F01,2025-01-01
C02123,commercial,5.8,LT-2 Commercial,TX045,F06,2025-01-01
C02124,commercial,5.65,LT-2 Commercial,TX031,F04,2025-01-01
C02125,residential,1.34,LT-1 Domestic,TX061,F08,2025-01-01
C02126,commercial,6.73,LT-2 Commercial,TX024,F03,2025-01-01
C02127,residential,2.14,LT-1 Domestic,TX097,F13,2025-01-01
C02128,commercial,5.61,LT-2 Commercial,TX004,F01,2025-01-01
C02129,residential,1.67,LT-1 Domestic,TX076,F10,2025-01-01
C02130,residential,2.63,LT-1 Domestic,TX058,F08,2025-01-01
C02131,industrial,8.66,HT-1 Industrial,TX087,F11,2025-01-01
C02132,industrial,18.25,HT-1 Industrial,TX099,F13,2025-01-01
C02133,residential,0.5,LT-1 Domestic,TX044,F06,2025-01-01
C02134,residential,1.48,LT-1 Domestic,TX091,F12,2025-01-01
C02135,commercial,4.25,LT-2 Commercial,TX053,F07,2025-01-01
C02136,residential,2.12,LT-1 Domestic,TX024,F03,2025-01-01
C02137,residential,5.13,LT-1 Domestic,TX022,F03,2025-01-01
C02138,residential,1.9,LT-1 Domestic,TX068,F09,2026-04-14
C02139,residential,3.16,LT-1 Domestic,TX005,F01,2025-01-01
C02140,residential,1.5,LT-1 Domestic,TX010,F02,2025-01-01
C02141,residential,5.08,LT-1 Domestic,TX035,F05,2025-01-01
C02142,residential,3.96,LT-1 Domestic,TX014,F02,2025-01-01
C02143,commercial,7.86,LT-2 Commercial,TX086,F11,2026-04-29
C02144,residential,3.49,LT-1 Domestic,TX077,F10,2025-01-01
C02145,commercial,6.56,LT-2 Commercial,TX039,F05,2025-01-01
C02146,commercial,3.59,LT-2 Commercial,TX004,F01,2025-01-01
C02147,residential,2.01,LT-1 Domestic,TX018,F03,2025-01-01
C02148,industrial,5.73,HT-1 Industrial,TX009,F02,2025-01-01
C02149,commercial,6.36,LT-2 Commercial,TX080,F10,2025-01-01
C02150,residential,6.8,LT-1 Domestic,TX009,F02,2025-01-01
C02151,residential,2.58,LT-1 Domestic,TX042,F06,2025-01-01
C02152,residential,1.71,LT-1 Domestic,TX085,F11,2025-01-01
C02153,residential,3.0,LT-1 Domestic,TX041,F06,2025-01-01
C02154,residential,1.53,LT-1 Domestic,TX051,F07,2026-04-02
C02155,residential,3.3,LT-1 Domestic,TX076,F10,2025-01-01
C02156,residential,1.59,LT-1 Domestic,TX019,F03,2026-05-14
C02157,industrial,10.39,HT-1 Industrial,TX038,F05,2025-01-01
C02158,industrial,5.0,HT-1 Industrial,TX013,F02,2025-01-01
C02159,residential,1.93,LT-1 Domestic,TX053,F07,2025-01-01
C02160,commercial,9.57,LT-2 Commercial,TX057,F08,2025-01-01
C02161,residential,3.38,LT-1 Domestic,TX094,F12,2025-01-01
C02162,residential,2.84,LT-1 Domestic,TX098,F13,2025-01-01
C02163,residential,0.54,LT-1 Domestic,TX025,F04,2025-01-01
C02164,residential,3.36,LT-1 Domestic,TX081,F11,2025-01-01
C02165,residential,2.16,LT-1 Domestic,TX084,F11,2025-01-01
C02166,commercial,16.89,LT-2 Commercial,TX086,F11,2025-01-01
C02167,residential,3.18,LT-1 Domestic,TX033,F05,2025-01-01
C02168,residential,2.85,LT-1 Domestic,TX077,F10,2025-01-01
C02169,residential,1.73,LT-1 Domestic,TX085,F11,2025-01-01
C02170,residential,2.77,LT-1 Domestic,TX088,F11,2025-01-01
C02171,residential,1.27,LT-1 Domestic,TX075,F10,2025-01-01
C02172,commercial,15.42,LT-2 Commercial,TX031,F04,2025-01-01
C02173,residential,2.44,LT-1 Domestic,TX028,F04,2025-01-01
C02174,commercial,2.55,LT-2 Commercial,TX008,F01,2025-01-01
C02175,residential,6.97,LT-1 Domestic,TX032,F04,2025-01-01
C02176,residential,0.95,LT-1 Domestic,TX042,F06,2025-01-01
C02177,commercial,6.49,LT-2 Commercial,TX013,F02,2025-01-01
C02178,industrial,5.27,HT-1 Industrial,TX007,F01,2025-01-01
C02179,residential,2.97,LT-1 Domestic,TX077,F10,2025-01-01
C02180,residential,2.17,LT-1 Domestic,TX043,F06,2025-01-01
C02181,residential,2.54,LT-1 Domestic,TX011,F02,2025-01-01
C02182,residential,3.28,LT-1 Domestic,TX074,F10,2025-01-01
C02183,residential,2.71,LT-1 Domestic,TX021,F03,2025-01-01
C02184,residential,2.43,LT-1 Domestic,TX080,F10,2025-01-01
C02185,residential,4.04,LT-1 Domestic,TX077,F10,2025-01-01
C02186,residential,1.78,LT-1 Domestic,TX067,F09,2025-01-01
C02187,residential,2.43,LT-1 Domestic,TX069,F09,2025-01-01
C02188,industrial,10.16,HT-1 Industrial,TX064,F08,2025-01-01
C02189,residential,1.96,LT-1 Domestic,TX083,F11,2025-01-01
C02190,commercial,3.11,LT-2 Commercial,TX092,F12,2025-01-01
C02191,residential,3.56,LT-1 Domestic,TX066,F09,2025-01-01
C02192,industrial,11.06,HT-1 Industrial,TX078,F10,2025-01-01
C02193,industrial,6.21,HT-1 Industrial,TX006,F01,2025-01-01
C02194,residential,1.17,LT-1 Domestic,TX058,F08,2025-01-01
C02195,residential,1.64,LT-1 Domestic,TX015,F02,2025-01-01
C02196,commercial,3.25,LT-2 Commercial,TX030,F04,2025-01-01
C02197,residential,2.8,LT-1 Domestic,TX056,F07,2025-01-01
C02198,commercial,8.65,LT-2 Commercial,TX090,F12,2025-01-01
C02199,commercial,4.11,LT-2 Commercial,TX011,F02,2025-01-01
C02200,commercial,9.07,LT-2 Commercial,TX073,F10,2025-01-01
C02201,residential,1.15,LT-1 Domestic,TX015,F02,2025-01-01
C02202,residential,2.71,LT-1 Domestic,TX091,F12,2026-03-31
C02203,residential,2.16,LT-1 Domestic,TX050,F07,2025-01-01
C02204,residential,0.98,LT-1 Domestic,TX089,F12,2025-01-01
C02205,commercial,4.77,LT-2 Commercial,TX045,F06,2025-01-01
C02206,residential,2.45,LT-1 Domestic,TX085,F11,2025-01-01
C02207,residential,3.73,LT-1 Domestic,TX060,F08,2025-01-01
C02208,residential,1.4,LT-1 Domestic,TX096,F12,2025-01-01
C02209,residential,4.43,LT-1 Domestic,TX030,F04,2025-01-01
C02210,commercial,8.39,LT-2 Commercial,TX013,F02,2025-01-01
C02211,commercial,3.51,LT-2 Commercial,TX055,F07,2025-01-01
C02212,residential,1.96,LT-1 Domestic,TX098,F13,2025-01-01
C02213,residential,2.55,LT-1 Domestic,TX048,F06,2026-03-28
C02214,residential,2.27,LT-1 Domestic,TX044,F06,2025-01-01
C02215,residential,3.19,LT-1 Domestic,TX054,F07,2025-01-01
C02216,residential,2.86,LT-1 Domestic,TX052,F07,2026-05-01
C02217,commercial,7.52,LT-2 Commercial,TX073,F10,2025-01-01
C02218,commercial,1.33,LT-2 Commercial,TX005,F01,2025-01-01
C02219,residential,2.49,LT-1 Domestic,TX001,F01,2025-01-01
C02220,residential,3.92,LT-1 Domestic,TX095,F12,2025-01-01
C02221,residential,6.11,LT-1 Domestic,TX063,F08,2025-01-01
C02222,residential,1.53,LT-1 Domestic,TX038,F05,2025-01-01
C02223,industrial,18.89,HT-1 Industrial,TX010,F02,2026-05-03
C02224,residential,2.28,LT-1 Domestic,TX067,F09,2025-01-01
C02225,residential,2.55,LT-1 Domestic,TX043,F06,2026-04-18
C02226,industrial,8.45,HT-1 Industrial,TX069,F09,2025-01-01
C02227,industrial,3.19,HT-1 Industrial,TX043,F06,2025-01-01
C02228,residential,4.88,LT-1 Domestic,TX053,F07,2025-01-01
C02229,residential,2.32,LT-1 Domestic,TX038,F05,2025-01-01
C02230,residential,3.09,LT-1 Domestic,TX090,F12,2025-01-01
C02231,residential,1.66,LT-1 Domestic,TX051,F07,2026-05-11
C02232,residential,6.71,LT-1 Domestic,TX008,F01,2025-01-01
C02233,residential,1.7,LT-1 Domestic,TX097,F13,2025-01-01
C02234,industrial,22.38,HT-1 Industrial,TX076,F10,2025-01-01
C02235,residential,1.53,LT-1 Domestic,TX051,F07,2025-01-01
C02236,residential,5.22,LT-1 Domestic,TX083,F11,2026-04-24
C02237,residential,3.53,LT-1 Domestic,TX018,F03,2025-01-01
C02238,residential,5.48,LT-1 Domestic,TX073,F10,2025-01-01
C02239,residential,4.66,LT-1 Domestic,TX082,F11,2025-01-01
C02240,industrial,7.39,HT-1 Industrial,TX055,F07,2025-01-01
C02241,industrial,14.45,HT-1 Industrial,TX068,F09,2025-01-01
C02242,industrial,13.45,HT-1 Industrial,TX059,F08,2025-01-01
C02243,residential,1.34,LT-1 Domestic,TX045,F06,2025-01-01
C02244,industrial,5.5,HT-1 Industrial,TX039,F05,2025-01-01
C02245,industrial,20.21,HT-1 Industrial,TX040,F05,2025-01-01
C02246,residential,0.98,LT-1 Domestic,TX002,F01,2025-01-01
C02247,residential,2.46,LT-1 Domestic,TX051,F07,2025-01-01
C02248,residential,2.35,LT-1 Domestic,TX030,F04,2025-01-01
C02249,residential,2.93,LT-1 Domestic,TX015,F02,2025-01-01
C02250,commercial,1.86,LT-2 Commercial,TX008,F01,2025-01-01
C02251,residential,2.5,LT-1 Domestic,TX021,F03,2025-01-01
C02252,residential,1.6,LT-1 Domestic,TX055,F07,2026-04-17
C02253,commercial,2.29,LT-2 Commercial,TX023,F03,2026-04-09
C02254,residential,4.09,LT-1 Domestic,TX069,F09,2025-01-01
C02255,residential,2.54,LT-1 Domestic,TX100,F13,2025-01-01
C02256,residential,3.21,LT-1 Domestic,TX065,F09,2026-04-25
C02257,residential,2.77,LT-1 Domestic,TX037,F05,2025-01-01
C02258,residential,4.8,LT-1 Domestic,TX079,F10,2025-01-01
C02259,residential,1.91,LT-1 Domestic,TX085,F11,2025-01-01
C02260,residential,4.25,LT-1 Domestic,TX060,F08,2026-04-16
C02261,residential,2.8,LT-1 Domestic,TX004,F01,2025-01-01
C02262,residential,1.25,LT-1 Domestic,TX035,F05,2026-04-20
C02263,commercial,4.92,LT-2 Commercial,TX057,F08,2025-01-01
C02264,commercial,11.46,LT-2 Commercial,TX075,F10,2025-01-01
C02265,residential,3.71,LT-1 Domestic,TX087,F11,2025-01-01
C02266,residential,1.91,LT-1 Domestic,TX059,F08,2025-01-01
C02267,commercial,3.09,LT-2 Commercial,TX077,F10,2025-01-01
C02268,residential,2.56,LT-1 Domestic,TX030,F04,2025-01-01
C02269,residential,2.77,LT-1 Domestic,TX071,F09,2025-01-01
C02270,commercial,9.64,LT-2 Commercial,TX067,F09,2026-04-09
C02271,residential,0.94,LT-1 Domestic,TX061,F08,2025-01-01
C02272,industrial,9.79,HT-1 Industrial,TX012,F02,2025-01-01
C02273,residential,2.9,LT-1 Domestic,TX076,F10,2025-01-01
C02274,residential,2.13,LT-1 Domestic,TX038,F05,2025-01-01
C02275,industrial,8.66,HT-1 Industrial,TX058,F08,2025-01-01
C02276,residential,1.61,LT-1 Domestic,TX008,F01,2025-01-01
C02277,residential,1.39,LT-1 Domestic,TX002,F01,2025-01-01
C02278,industrial,8.66,HT-1 Industrial,TX058,F08,2025-01-01
C02279,industrial,14.15,HT-1 Industrial,TX069,F09,2025-01-01
C02280,commercial,2.91,LT-2 Commercial,TX051,F07,2025-01-01
C02281,residential,3.9,LT-1 Domestic,TX037,F05,2025-01-01
C02282,residential,3.93,LT-1 Domestic,TX003,F01,2025-01-01
C02283,commercial,3.51,LT-2 Commercial,TX070,F09,2025-01-01
C02284,residential,1.15,LT-1 Domestic,TX054,F07,2025-01-01
C02285,residential,2.12,LT-1 Domestic,TX041,F06,2026-05-03
C02286,commercial,3.62,LT-2 Commercial,TX085,F11,2025-01-01
C02287,residential,2.83,LT-1 Domestic,TX013,F02,2025-01-01
C02288,residential,4.07,LT-1 Domestic,TX036,F05,2026-05-12
C02289,commercial,8.32,LT-2 Commercial,TX093,F12,2025-01-01
C02290,industrial,15.64,HT-1 Industrial,TX036,F05,2025-01-01
C02291,residential,2.42,LT-1 Domestic,TX006,F01,2025-01-01
C02292,residential,4.52,LT-1 Domestic,TX052,F07,2025-01-01
C02293,residential,2.79,LT-1 Domestic,TX072,F09,2025-01-01
C02294,residential,8.83,LT-1 Domestic,TX022,F03,2025-01-01
C02295,residential,2.3,LT-1 Domestic,TX003,F01,2025-01-01
C02296,residential,2.05,LT-1 Domestic,TX044,F06,2025-01-01
C02297,commercial,10.17,LT-2 Commercial,TX064,F08,2025-01-01
C02298,commercial,5.92,LT-2 Commercial,TX038,F05,2025-01-01
C02299,commercial,2.43,LT-2 Commercial,TX065,F09,2025-01-01
C02300,residential,2.79,LT-1 Domestic,TX054,F07,2025-01-01
C02301,residential,2.55,LT-1 Domestic,TX016,F02,2025-01-01
C02302,industrial,8.98,HT-1 Industrial,TX080,F10,2025-01-01
C02303,residential,5.54,LT-1 Domestic,TX061,F08,2025-01-01
C02304,industrial,8.03,HT-1 Industrial,TX038,F05,2025-01-01
C02305,residential,2.44,LT-1 Domestic,TX082,F11,2025-01-01
C02306,residential,1.97,LT-1 Domestic,TX004,F01,2025-01-01
C02307,residential,3.51,LT-1 Domestic,TX083,F11,2026-05-08
C02308,residential,2.03,LT-1 Domestic,TX098,F13,2025-01-01
C02309,residential,0.78,LT-1 Domestic,TX054,F07,2025-01-01
C02310,residential,3.87,LT-1 Domestic,TX084,F11,2025-01-01
C02311,commercial,4.86,LT-2 Commercial,TX080,F10,2026-04-22
C02312,residential,0.47,LT-1 Domestic,TX077,F10,2025-01-01
C02313,residential,5.99,LT-1 Domestic,TX078,F10,2025-01-01
C02314,residential,7.8,LT-1 Domestic,TX100,F13,2026-05-14
C02315,industrial,10.51,HT-1 Industrial,TX083,F11,2025-01-01
C02316,industrial,16.69,HT-1 Industrial,TX012,F02,2025-01-01
C02317,residential,1.99,LT-1 Domestic,TX083,F11,2025-01-01
C02318,residential,2.64,LT-1 Domestic,TX008,F01,2025-01-01
C02319,residential,3.83,LT-1 Domestic,TX048,F06,2025-01-01
C02320,commercial,3.71,LT-2 Commercial,TX021,F03,2025-01-01
C02321,commercial,3.03,LT-2 Commercial,TX003,F01,2025-01-01
C02322,residential,4.87,LT-1 Domestic,TX082,F11,2025-01-01
C02323,residential,1.35,LT-1 Domestic,TX037,F05,2025-01-01
C02324,residential,1.5,LT-1 Domestic,TX040,F05,2025-01-01
C02325,residential,5.04,LT-1 Domestic,TX097,F13,2025-01-01
C02326,residential,0.79,LT-1 Domestic,TX066,F09,2025-01-01
C02327,residential,1.66,LT-1 Domestic,TX041,F06,2025-01-01
C02328,industrial,10.19,HT-1 Industrial,TX058,F08,2025-01-01
C02329,residential,1.85,LT-1 Domestic,TX028,F04,2025-01-01
C02330,residential,1.88,LT-1 Domestic,TX058,F08,2025-01-01
C02331,commercial,2.28,LT-2 Commercial,TX066,F09,2025-01-01
C02332,residential,1.8,LT-1 Domestic,TX073,F10,2025-01-01
C02333,commercial,3.6,LT-2 Commercial,TX068,F09,2025-01-01
C02334,industrial,10.33,HT-1 Industrial,TX019,F03,2025-01-01
C02335,industrial,6.95,HT-1 Industrial,TX096,F12,2026-05-05
C02336,residential,1.24,LT-1 Domestic,TX054,F07,2025-01-01
C02337,residential,3.79,LT-1 Domestic,TX095,F12,2025-01-01
C02338,residential,2.16,LT-1 Domestic,TX011,F02,2025-01-01
C02339,residential,2.2,LT-1 Domestic,TX075,F10,2025-01-01
C02340,residential,6.49,LT-1 Domestic,TX067,F09,2025-01-01
C02341,residential,1.85,LT-1 Domestic,TX016,F02,2025-01-01
C02342,residential,2.46,LT-1 Domestic,TX041,F06,2025-01-01
C02343,residential,2.03,LT-1 Domestic,TX037,F05,2025-01-01
C02344,residential,1.38,LT-1 Domestic,TX049,F07,2025-01-01
C02345,industrial,8.14,HT-1 Industrial,TX038,F05,2025-01-01
C02346,residential,1.39,LT-1 Domestic,TX041,F06,2025-01-01
C02347,residential,2.49,LT-1 Domestic,TX071,F09,2025-01-01
C02348,residential,11.94,LT-1 Domestic,TX008,F01,2025-01-01
C02349,residential,2.67,LT-1 Domestic,TX039,F05,2025-01-01
C02350,residential,2.62,LT-1 Domestic,TX097,F13,2025-01-01
C02351,residential,2.16,LT-1 Domestic,TX078,F10,2025-01-01
C02352,residential,1.36,LT-1 Domestic,TX082,F11,2025-01-01
C02353,residential,1.45,LT-1 Domestic,TX048,F06,2025-01-01
C02354,commercial,3.67,LT-2 Commercial,TX067,F09,2025-01-01
C02355,commercial,3.41,LT-2 Commercial,TX086,F11,2025-01-01
C02356,industrial,21.08,HT-1 Industrial,TX073,F10,2025-01-01
C02357,industrial,8.37,HT-1 Industrial,TX056,F07,2025-01-01
C02358,commercial,5.53,LT-2 Commercial,TX051,F07,2025-01-01
C02359,commercial,10.22,LT-2 Commercial,TX024,F03,2025-01-01
C02360,residential,4.93,LT-1 Domestic,TX004,F01,2025-01-01
C02361,residential,4.79,LT-1 Domestic,TX071,F09,2025-01-01
C02362,commercial,7.03,LT-2 Commercial,TX095,F12,2025-01-01
C02363,residential,3.34,LT-1 Domestic,TX007,F01,2025-01-01
C02364,industrial,9.77,HT-1 Industrial,TX046,F06,2025-01-01
C02365,residential,2.77,LT-1 Domestic,TX083,F11,2026-05-06
C02366,industrial,5.19,HT-1 Industrial,TX049,F07,2025-01-01
C02367,residential,3.72,LT-1 Domestic,TX028,F04,2025-01-01
C02368,residential,2.11,LT-1 Domestic,TX082,F11,2025-01-01
C02369,residential,2.09,LT-1 Domestic,TX011,F02,2025-01-01
C02370,residential,1.74,LT-1 Domestic,TX057,F08,2025-01-01
C02371,residential,2.69,LT-1 Domestic,TX082,F11,2025-01-01
C02372,residential,3.72,LT-1 Domestic,TX022,F03,2026-04-22
C02373,residential,2.42,LT-1 Domestic,TX021,F03,2025-01-01
C02374,commercial,4.97,LT-2 Commercial,TX025,F04,2025-01-01
C02375,commercial,4.53,LT-2 Commercial,TX057,F08,2025-01-01
C02376,residential,3.34,LT-1 Domestic,TX018,F03,2025-01-01
C02377,residential,1.29,LT-1 Domestic,TX077,F10,2025-01-01
C02378,commercial,7.87,LT-2 Commercial,TX007,F01,2025-01-01
C02379,residential,3.51,LT-1 Domestic,TX086,F11,2025-01-01
C02380,commercial,3.66,LT-2 Commercial,TX002,F01,2025-01-01
C02381,industrial,3.31,HT-1 Industrial,TX094,F12,2025-01-01
C02382,commercial,3.66,LT-2 Commercial,TX035,F05,2025-01-01
C02383,residential,6.04,LT-1 Domestic,TX084,F11,2025-01-01
C02384,commercial,3.82,LT-2 Commercial,TX099,F13,2025-01-01
C02385,residential,5.88,LT-1 Domestic,TX097,F13,2025-01-01
C02386,commercial,3.01,LT-2 Commercial,TX093,F12,2025-01-01
C02387,residential,2.24,LT-1 Domestic,TX087,F11,2025-01-01
C02388,residential,1.86,LT-1 Domestic,TX073,F10,2025-01-01
C02389,residential,3.65,LT-1 Domestic,TX014,F02,2025-01-01
C02390,residential,2.72,LT-1 Domestic,TX044,F06,2025-01-01
C02391,commercial,7.73,LT-2 Commercial,TX030,F04,2025-01-01
C02392,residential,2.77,LT-1 Domestic,TX017,F03,2025-01-01
C02393,industrial,14.45,HT-1 Industrial,TX066,F09,2025-01-01
C02394,residential,4.21,LT-1 Domestic,TX013,F02,2025-01-01
C02395,commercial,8.77,LT-2 Commercial,TX011,F02,2025-01-01
C02396,residential,1.38,LT-1 Domestic,TX062,F08,2025-01-01
C02397,residential,1.87,LT-1 Domestic,TX066,F09,2025-01-01
C02398,residential,2.4,LT-1 Domestic,TX006,F01,2025-01-01
C02399,industrial,12.74,HT-1 Industrial,TX049,F07,2025-01-01
C02400,residential,3.55,LT-1 Domestic,TX044,F06,2025-01-01
C02401,residential,1.18,LT-1 Domestic,TX026,F04,2025-01-01
C02402,industrial,15.99,HT-1 Industrial,TX042,F06,2025-01-01
C02403,residential,2.15,LT-1 Domestic,TX074,F10,2025-01-01
C02404,commercial,4.27,LT-2 Commercial,TX083,F11,2025-01-01
C02405,commercial,2.68,LT-2 Commercial,TX033,F05,2025-01-01
C02406,residential,0.78,LT-1 Domestic,TX020,F03,2025-01-01
C02407,residential,1.51,LT-1 Domestic,TX020,F03,2025-01-01
C02408,commercial,3.63,LT-2 Commercial,TX077,F10,2025-01-01
C02409,industrial,3.64,HT-1 Industrial,TX050,F07,2025-01-01
C02410,residential,2.64,LT-1 Domestic,TX024,F03,2025-01-01
C02411,residential,7.11,LT-1 Domestic,TX001,F01,2025-01-01
C02412,commercial,5.86,LT-2 Commercial,TX032,F04,2025-01-01
C02413,residential,1.04,LT-1 Domestic,TX006,F01,2025-01-01
C02414,residential,4.32,LT-1 Domestic,TX036,F05,2025-01-01
C02415,commercial,4.49,LT-2 Commercial,TX049,F07,2025-01-01
C02416,residential,2.99,LT-1 Domestic,TX072,F09,2025-01-01
C02417,residential,2.12,LT-1 Domestic,TX071,F09,2025-01-01
C02418,residential,2.03,LT-1 Domestic,TX009,F02,2025-01-01
C02419,residential,2.56,LT-1 Domestic,TX058,F08,2025-01-01
C02420,residential,2.29,LT-1 Domestic,TX100,F13,2025-01-01
C02421,residential,2.83,LT-1 Domestic,TX041,F06,2025-01-01
C02422,residential,6.35,LT-1 Domestic,TX096,F12,2025-01-01
C02423,residential,2.53,LT-1 Domestic,TX046,F06,2025-01-01
C02424,commercial,7.11,LT-2 Commercial,TX055,F07,2025-01-01
C02425,residential,3.1,LT-1 Domestic,TX005,F01,2025-01-01
C02426,commercial,2.97,LT-2 Commercial,TX041,F06,2025-01-01
C02427,commercial,4.03,LT-2 Commercial,TX060,F08,2025-01-01
C02428,commercial,1.74,LT-2 Commercial,TX080,F10,2025-01-01
C02429,residential,1.73,LT-1 Domestic,TX043,F06,2025-01-01
C02430,commercial,9.18,LT-2 Commercial,TX034,F05,2025-01-01
C02431,residential,3.72,LT-1 Domestic,TX089,F12,2025-01-01
C02432,residential,4.96,LT-1 Domestic,TX040,F05,2025-01-01
C02433,residential,1.73,LT-1 Domestic,TX042,F06,2025-01-01
C02434,residential,2.61,LT-1 Domestic,TX054,F07,2025-01-01
C02435,commercial,4.15,LT-2 Commercial,TX042,F06,2025-01-01
C02436,residential,3.84,LT-1 Domestic,TX014,F02,2025-01-01
C02437,industrial,12.1,HT-1 Industrial,TX003,F01,2025-01-01
C02438,residential,1.4,LT-1 Domestic,TX060,F08,2025-01-01
C02439,residential,2.91,LT-1 Domestic,TX068,F09,2025-01-01
C02440,residential,1.28,LT-1 Domestic,TX082,F11,2025-01-01
C02441,residential,1.73,LT-1 Domestic,TX093,F12,2025-01-01
C02442,commercial,7.91,LT-2 Commercial,TX052,F07,2025-01-01
C02443,commercial,20.95,LT-2 Commercial,TX090,F12,2025-01-01
C02444,residential,3.35,LT-1 Domestic,TX016,F02,2025-01-01
C02445,residential,2.17,LT-1 Domestic,TX084,F11,2025-01-01
C02446,residential,4.22,LT-1 Domestic,TX092,F12,2025-01-01
C02447,residential,1.63,LT-1 Domestic,TX090,F12,2025-01-01
C02448,residential,1.69,LT-1 Domestic,TX059,F08,2025-01-01
C02449,residential,3.16,LT-1 Domestic,TX076,F10,2025-01-01
C02450,residential,4.24,LT-1 Domestic,TX067,F09,2025-01-01
C02451,commercial,5.71,LT-2 Commercial,TX090,F12,2025-01-01
C02452,residential,3.12,LT-1 Domestic,TX073,F10,2025-01-01
C02453,residential,6.23,LT-1 Domestic,TX037,F05,2025-01-01
C02454,residential,1.75,LT-1 Domestic,TX095,F12,2025-01-01
C02455,residential,2.14,LT-1 Domestic,TX100,F13,2025-01-01
C02456,commercial,3.05,LT-2 Commercial,TX018,F03,2025-01-01
C02457,residential,0.99,LT-1 Domestic,TX002,F01,2025-01-01
C02458,residential,4.01,LT-1 Domestic,TX028,F04,2025-01-01
C02459,residential,2.74,LT-1 Domestic,TX066,F09,2025-01-01
C02460,residential,1.9,LT-1 Domestic,TX023,F03,2025-01-01
C02461,residential,4.25,LT-1 Domestic,TX053,F07,2025-01-01
C02462,residential,1.28,LT-1 Domestic,TX078,F10,2025-01-01
C02463,residential,5.68,LT-1 Domestic,TX015,F02,2025-01-01
C02464,commercial,6.21,LT-2 Commercial,TX008,F01,2025-01-01
C02465,residential,2.14,LT-1 Domestic,TX021,F03,2025-01-01
C02466,residential,1.13,LT-1 Domestic,TX023,F03,2025-01-01
C02467,residential,1.35,LT-1 Domestic,TX060,F08,2025-01-01
C02468,residential,1.46,LT-1 Domestic,TX010,F02,2025-01-01
C02469,residential,2.19,LT-1 Domestic,TX003,F01,2025-01-01
C02470,residential,2.42,LT-1 Domestic,TX053,F07,2025-01-01
C02471,residential,4.49,LT-1 Domestic,TX081,F11,2025-01-01
C02472,residential,2.85,LT-1 Domestic,TX042,F06,2025-01-01
C02473,residential,3.42,LT-1 Domestic,TX092,F12,2026-03-31
C02474,commercial,5.96,LT-2 Commercial,TX045,F06,2025-01-01
C02475,industrial,15.86,HT-1 Industrial,TX010,F02,2025-01-01
C02476,commercial,4.91,LT-2 Commercial,TX008,F01,2025-01-01
C02477,residential,2.4,LT-1 Domestic,TX079,F10,2025-01-01
C02478,residential,1.81,LT-1 Domestic,TX067,F09,2025-01-01
C02479,commercial,15.22,LT-2 Commercial,TX041,F06,2025-01-01
C02480,residential,2.2,LT-1 Domestic,TX002,F01,2025-01-01
C02481,residential,1.66,LT-1 Domestic,TX030,F04,2025-01-01
C02482,residential,3.61,LT-1 Domestic,TX063,F08,2025-01-01
C02483,residential,4.52,LT-1 Domestic,TX037,F05,2025-01-01
C02484,residential,3.47,LT-1 Domestic,TX004,F01,2025-01-01
C02485,residential,1.2,LT-1 Domestic,TX027,F04,2025-01-01
C02486,residential,3.32,LT-1 Domestic,TX072,F09,2025-01-01
C02487,residential,0.84,LT-1 Domestic,TX097,F13,2025-01-01
C02488,residential,7.79,LT-1 Domestic,TX021,F03,2025-01-01
C02489,residential,2.41,LT-1 Domestic,TX061,F08,2025-01-01
C02490,residential,2.54,LT-1 Domestic,TX034,F05,2025-01-01
C02491,industrial,13.77,HT-1 Industrial,TX053,F07,2025-01-01
C02492,residential,1.49,LT-1 Domestic,TX094,F12,2025-01-01
C02493,residential,2.89,LT-1 Domestic,TX073,F10,2025-01-01
C02494,industrial,13.4,HT-1 Industrial,TX023,F03,2026-03-28
C02495,residential,1.2,LT-1 Domestic,TX056,F07,2025-01-01
C02496,commercial,4.91,LT-2 Commercial,TX016,F02,2025-01-01
C02497,residential,3.79,LT-1 Domestic,TX039,F05,2025-01-01
C02498,industrial,6.7,HT-1 Industrial,TX012,F02,2025-01-01
C02499,residential,6.42,LT-1 Domestic,TX070,F09,2025-01-01
C02500,residential,2.64,LT-1 Domestic,TX006,F01,2025-01-01
