consumer_id,scenario,cause,is_theft,event_start_day,event_start_date
C00001,normal_regular,Normal,0,,
C00002,normal_regular,Normal,0,,
C00003,normal_regular,Normal,0,,
C00004,normal_noisy_dupes,Normal,0,,
C00005,legit_vacation,LegitAbnormal,0,524.0,2026-06-09
C00006,normal_regular,Normal,0,,
C00007,normal_noisy_dupes,Normal,0,,
C00008,legit_guest_spike,LegitAbnormal,0,504.0,2026-05-20
C00009,normal_noisy_dupes,Normal,0,,
C00010,comm_long_gap,CommFailure,0,479.0,2026-04-25
C00011,legit_new_load_up,LegitAbnormal,0,392.0,2026-01-28
C00012,theft_gradual,Theft,1,409.0,2026-02-14
C00013,normal_regular,Normal,0,,
C00014,fault_drift_low,MeterFault,0,371.0,2026-01-07
C00015,legit_vacation,LegitAbnormal,0,446.0,2026-03-23
C00016,normal_regular,Normal,0,,
C00017,normal_regular,Normal,0,,
C00018,normal_regular,Normal,0,,
C00019,fault_zero,MeterFault,0,487.0,2026-05-03
C00020,normal_regular,Normal,0,,
C00021,normal_regular,Normal,0,,
C00022,comm_long_gap,CommFailure,0,478.0,2026-04-24
C00023,fault_drift_high,MeterFault,0,310.0,2025-11-07
C00024,normal_noisy_dupes,Normal,0,,
C00025,fault_stuck,MeterFault,0,457.0,2026-04-03
C00026,legit_new_load_up,LegitAbnormal,0,405.0,2026-02-10
C00027,theft_step_drop,Theft,1,513.0,2026-05-29
C00028,normal_regular,Normal,0,,
C00029,normal_noisy_dupes,Normal,0,,
C00030,normal_regular,Normal,0,,
C00031,normal_regular,Normal,0,,
C00032,comm_long_gap,CommFailure,0,507.0,2026-05-23
C00033,comm_backfill_lump,CommFailure,0,475.0,2026-04-21
C00034,normal_regular,Normal,0,,
C00035,normal_regular,Normal,0,,
C00036,theft_intermittent,Theft,1,418.0,2026-02-23
C00037,fault_drift_high,MeterFault,0,430.0,2026-03-07
C00038,theft_intermittent,Theft,1,427.0,2026-03-04
C00039,normal_regular,Normal,0,,
C00040,normal_regular,Normal,0,,
C00041,normal_regular,Normal,0,,
C00042,normal_regular,Normal,0,,
C00043,normal_regular,Normal,0,,
C00044,legit_extended_absence,LegitAbnormal,0,445.0,2026-03-22
C00045,normal_regular,Normal,0,,
C00046,legit_vacation,LegitAbnormal,0,495.0,2026-05-11
C00047,normal_regular,Normal,0,,
C00048,theft_near_zero,Theft,1,506.0,2026-05-22
C00049,normal_regular,Normal,0,,
C00050,normal_regular,Normal,0,,
C00051,normal_regular,Normal,0,,
C00052,legit_vacation,LegitAbnormal,0,488.0,2026-05-04
C00053,legit_guest_spike,LegitAbnormal,0,457.0,2026-04-03
C00054,theft_step_drop,Theft,1,390.0,2026-01-26
C00055,normal_regular,Normal,0,,
C00056,normal_new_consumer,Normal,0,500.0,2026-05-16
C00057,normal_regular,Normal,0,,
C00058,fault_zero,MeterFault,0,479.0,2026-04-25
C00059,normal_regular,Normal,0,,
C00060,normal_regular,Normal,0,,
C00061,normal_new_consumer,Normal,0,490.0,2026-05-06
C00062,comm_long_gap,CommFailure,0,470.0,2026-04-16
C00063,normal_regular,Normal,0,,
C00064,theft_near_zero,Theft,1,426.0,2026-03-03
C00065,normal_regular,Normal,0,,
C00066,legit_extended_absence,LegitAbnormal,0,465.0,2026-04-11
C00067,legit_move_out,LegitAbnormal,0,441.0,2026-03-18
C00068,normal_regular,Normal,0,,
C00069,normal_regular,Normal,0,,
C00070,legit_guest_spike,LegitAbnormal,0,450.0,2026-03-27
C00071,normal_regular,Normal,0,,
C00072,legit_guest_spike,LegitAbnormal,0,452.0,2026-03-29
C00073,normal_regular,Normal,0,,
C00074,normal_regular,Normal,0,,
C00075,normal_regular,Normal,0,,
C00076,normal_new_consumer,Normal,0,482.0,2026-04-28
C00077,normal_regular,Normal,0,,
C00078,normal_regular,Normal,0,,
C00079,normal_regular,Normal,0,,
C00080,normal_regular,Normal,0,,
C00081,normal_regular,Normal,0,,
C00082,legit_solar_efficiency_down,LegitAbnormal,0,361.0,2025-12-28
C00083,normal_noisy_dupes,Normal,0,,
C00084,normal_noisy_dupes,Normal,0,,
C00085,legit_solar_efficiency_down,LegitAbnormal,0,507.0,2026-05-23
C00086,comm_backfill_lump,CommFailure,0,428.0,2026-03-05
C00087,normal_regular,Normal,0,,
C00088,normal_regular,Normal,0,,
C00089,normal_regular,Normal,0,,
C00090,normal_regular,Normal,0,,
C00091,normal_regular,Normal,0,,
C00092,legit_solar_efficiency_down,LegitAbnormal,0,464.0,2026-04-10
C00093,fault_zero,MeterFault,0,421.0,2026-02-26
C00094,comm_long_gap,CommFailure,0,517.0,2026-06-02
C00095,normal_regular,Normal,0,,
C00096,normal_regular,Normal,0,,
C00097,normal_regular,Normal,0,,
C00098,normal_regular,Normal,0,,
C00099,legit_solar_efficiency_down,LegitAbnormal,0,381.0,2026-01-17
C00100,normal_regular,Normal,0,,
C00101,normal_regular,Normal,0,,
C00102,legit_solar_efficiency_down,LegitAbnormal,0,412.0,2026-02-17
C00103,normal_new_consumer,Normal,0,495.0,2026-05-11
C00104,normal_regular,Normal,0,,
C00105,normal_regular,Normal,0,,
C00106,legit_new_load_up,LegitAbnormal,0,469.0,2026-04-15
C00107,normal_regular,Normal,0,,
C00108,normal_regular,Normal,0,,
C00109,normal_regular,Normal,0,,
C00110,legit_solar_efficiency_down,LegitAbnormal,0,438.0,2026-03-15
C00111,normal_regular,Normal,0,,
C00112,fault_stuck,MeterFault,0,467.0,2026-04-13
C00113,comm_intermittent,CommFailure,0,354.0,2025-12-21
C00114,legit_extended_absence,LegitAbnormal,0,443.0,2026-03-20
C00115,normal_new_consumer,Normal,0,478.0,2026-04-24
C00116,fault_drift_low,MeterFault,0,465.0,2026-04-11
C00117,normal_regular,Normal,0,,
C00118,normal_regular,Normal,0,,
C00119,normal_regular,Normal,0,,
C00120,normal_regular,Normal,0,,
C00121,normal_noisy_dupes,Normal,0,,
C00122,normal_regular,Normal,0,,
C00123,normal_regular,Normal,0,,
C00124,normal_regular,Normal,0,,
C00125,theft_step_drop,Theft,1,378.0,2026-01-14
C00126,normal_noisy_dupes,Normal,0,,
C00127,normal_regular,Normal,0,,
C00128,normal_noisy_dupes,Normal,0,,
C00129,normal_regular,Normal,0,,
C00130,fault_drift_high,MeterFault,0,380.0,2026-01-16
C00131,comm_intermittent,CommFailure,0,350.0,2025-12-17
C00132,normal_regular,Normal,0,,
C00133,normal_regular,Normal,0,,
C00134,normal_regular,Normal,0,,
C00135,legit_guest_spike,LegitAbnormal,0,525.0,2026-06-10
C00136,normal_new_consumer,Normal,0,452.0,2026-03-29
C00137,normal_regular,Normal,0,,
C00138,fault_drift_low,MeterFault,0,382.0,2026-01-18
C00139,normal_regular,Normal,0,,
C00140,legit_move_out,LegitAbnormal,0,455.0,2026-04-01
C00141,theft_near_zero,Theft,1,459.0,2026-04-05
C00142,normal_noisy_dupes,Normal,0,,
C00143,normal_regular,Normal,0,,
C00144,normal_new_consumer,Normal,0,490.0,2026-05-06
C00145,normal_regular,Normal,0,,
C00146,normal_noisy_dupes,Normal,0,,
C00147,normal_regular,Normal,0,,
C00148,legit_extended_absence,LegitAbnormal,0,473.0,2026-04-19
C00149,normal_regular,Normal,0,,
C00150,normal_new_consumer,Normal,0,465.0,2026-04-11
C00151,normal_regular,Normal,0,,
C00152,normal_regular,Normal,0,,
C00153,fault_drift_high,MeterFault,0,441.0,2026-03-18
C00154,normal_regular,Normal,0,,
C00155,normal_regular,Normal,0,,
C00156,normal_regular,Normal,0,,
C00157,legit_solar_efficiency_down,LegitAbnormal,0,355.0,2025-12-22
C00158,normal_regular,Normal,0,,
C00159,normal_new_consumer,Normal,0,491.0,2026-05-07
C00160,normal_regular,Normal,0,,
C00161,normal_regular,Normal,0,,
C00162,fault_spikes,MeterFault,0,503.0,2026-05-19
C00163,normal_regular,Normal,0,,
C00164,normal_regular,Normal,0,,
C00165,normal_regular,Normal,0,,
C00166,normal_noisy_dupes,Normal,0,,
C00167,normal_regular,Normal,0,,
C00168,theft_near_zero,Theft,1,488.0,2026-05-04
C00169,legit_new_load_up,LegitAbnormal,0,440.0,2026-03-17
C00170,normal_regular,Normal,0,,
C00171,normal_regular,Normal,0,,
C00172,theft_near_zero,Theft,1,510.0,2026-05-26
C00173,normal_regular,Normal,0,,
C00174,normal_regular,Normal,0,,
C00175,normal_noisy_dupes,Normal,0,,
C00176,normal_regular,Normal,0,,
C00177,normal_regular,Normal,0,,
C00178,legit_vacation,LegitAbnormal,0,439.0,2026-03-16
C00179,legit_guest_spike,LegitAbnormal,0,519.0,2026-06-04
C00180,normal_regular,Normal,0,,
C00181,legit_new_load_up,LegitAbnormal,0,508.0,2026-05-24
C00182,theft_step_drop,Theft,1,481.0,2026-04-27
C00183,normal_regular,Normal,0,,
C00184,normal_regular,Normal,0,,
C00185,legit_move_out,LegitAbnormal,0,487.0,2026-05-03
C00186,normal_regular,Normal,0,,
C00187,normal_regular,Normal,0,,
C00188,fault_drift_low,MeterFault,0,381.0,2026-01-17
C00189,fault_spikes,MeterFault,0,403.0,2026-02-08
C00190,fault_drift_low,MeterFault,0,409.0,2026-02-14
C00191,normal_noisy_dupes,Normal,0,,
C00192,fault_stuck,MeterFault,0,380.0,2026-01-16
C00193,legit_extended_absence,LegitAbnormal,0,455.0,2026-04-01
C00194,comm_long_gap,CommFailure,0,492.0,2026-05-08
C00195,legit_guest_spike,LegitAbnormal,0,493.0,2026-05-09
C00196,fault_zero,MeterFault,0,408.0,2026-02-13
C00197,normal_regular,Normal,0,,
C00198,theft_intermittent,Theft,1,458.0,2026-04-04
C00199,normal_noisy_dupes,Normal,0,,
C00200,normal_regular,Normal,0,,
C00201,fault_stuck,MeterFault,0,416.0,2026-02-21
C00202,normal_regular,Normal,0,,
C00203,legit_extended_absence,LegitAbnormal,0,474.0,2026-04-20
C00204,normal_regular,Normal,0,,
C00205,theft_peak_bypass,Theft,1,413.0,2026-02-18
C00206,normal_regular,Normal,0,,
C00207,normal_regular,Normal,0,,
C00208,normal_regular,Normal,0,,
C00209,normal_regular,Normal,0,,
C00210,normal_regular,Normal,0,,
C00211,normal_regular,Normal,0,,
C00212,legit_vacation,LegitAbnormal,0,452.0,2026-03-29
C00213,legit_new_load_up,LegitAbnormal,0,356.0,2025-12-23
C00214,comm_backfill_lump,CommFailure,0,481.0,2026-04-27
C00215,normal_regular,Normal,0,,
C00216,legit_solar_efficiency_down,LegitAbnormal,0,508.0,2026-05-24
C00217,normal_regular,Normal,0,,
C00218,normal_regular,Normal,0,,
C00219,normal_regular,Normal,0,,
C00220,normal_regular,Normal,0,,
C00221,comm_long_gap,CommFailure,0,506.0,2026-05-22
C00222,normal_new_consumer,Normal,0,480.0,2026-04-26
C00223,normal_new_consumer,Normal,0,453.0,2026-03-30
C00224,comm_intermittent,CommFailure,0,341.0,2025-12-08
C00225,normal_regular,Normal,0,,
C00226,normal_new_consumer,Normal,0,502.0,2026-05-18
C00227,legit_vacation,LegitAbnormal,0,463.0,2026-04-09
C00228,legit_solar_efficiency_down,LegitAbnormal,0,359.0,2025-12-26
C00229,normal_regular,Normal,0,,
C00230,normal_noisy_dupes,Normal,0,,
C00231,normal_regular,Normal,0,,
C00232,normal_noisy_dupes,Normal,0,,
C00233,normal_new_consumer,Normal,0,480.0,2026-04-26
C00234,normal_regular,Normal,0,,
C00235,normal_regular,Normal,0,,
C00236,normal_regular,Normal,0,,
C00237,theft_intermittent,Theft,1,424.0,2026-03-01
C00238,normal_new_consumer,Normal,0,453.0,2026-03-30
C00239,normal_regular,Normal,0,,
C00240,legit_vacation,LegitAbnormal,0,480.0,2026-04-26
C00241,normal_regular,Normal,0,,
C00242,legit_guest_spike,LegitAbnormal,0,512.0,2026-05-28
C00243,theft_intermittent,Theft,1,403.0,2026-02-08
C00244,normal_regular,Normal,0,,
C00245,normal_new_consumer,Normal,0,466.0,2026-04-12
C00246,normal_regular,Normal,0,,
C00247,normal_regular,Normal,0,,
C00248,normal_regular,Normal,0,,
C00249,theft_near_zero,Theft,1,510.0,2026-05-26
C00250,comm_long_gap,CommFailure,0,505.0,2026-05-21
C00251,normal_regular,Normal,0,,
C00252,theft_intermittent,Theft,1,439.0,2026-03-16
C00253,theft_step_drop,Theft,1,363.0,2025-12-30
C00254,legit_guest_spike,LegitAbnormal,0,452.0,2026-03-29
C00255,normal_regular,Normal,0,,
C00256,normal_regular,Normal,0,,
C00257,normal_regular,Normal,0,,
C00258,legit_new_load_up,LegitAbnormal,0,374.0,2026-01-10
C00259,normal_regular,Normal,0,,
C00260,normal_regular,Normal,0,,
C00261,theft_intermittent,Theft,1,420.0,2026-02-25
C00262,fault_drift_low,MeterFault,0,320.0,2025-11-17
C00263,theft_step_drop,Theft,1,449.0,2026-03-26
C00264,normal_regular,Normal,0,,
C00265,normal_regular,Normal,0,,
C00266,normal_regular,Normal,0,,
C00267,comm_intermittent,CommFailure,0,451.0,2026-03-28
C00268,normal_regular,Normal,0,,
C00269,normal_regular,Normal,0,,
C00270,legit_solar_efficiency_down,LegitAbnormal,0,355.0,2025-12-22
C00271,normal_regular,Normal,0,,
C00272,comm_backfill_lump,CommFailure,0,463.0,2026-04-09
C00273,normal_regular,Normal,0,,
C00274,normal_regular,Normal,0,,
C00275,comm_long_gap,CommFailure,0,506.0,2026-05-22
C00276,fault_drift_high,MeterFault,0,358.0,2025-12-25
C00277,normal_regular,Normal,0,,
C00278,normal_regular,Normal,0,,
C00279,normal_regular,Normal,0,,
C00280,normal_new_consumer,Normal,0,458.0,2026-04-04
C00281,normal_regular,Normal,0,,
C00282,normal_regular,Normal,0,,
C00283,comm_backfill_lump,CommFailure,0,450.0,2026-03-27
C00284,normal_regular,Normal,0,,
C00285,normal_regular,Normal,0,,
C00286,normal_regular,Normal,0,,
C00287,normal_new_consumer,Normal,0,468.0,2026-04-14
C00288,normal_regular,Normal,0,,
C00289,normal_regular,Normal,0,,
C00290,normal_regular,Normal,0,,
C00291,fault_spikes,MeterFault,0,471.0,2026-04-17
C00292,normal_regular,Normal,0,,
C00293,normal_regular,Normal,0,,
C00294,normal_regular,Normal,0,,
C00295,normal_regular,Normal,0,,
C00296,normal_new_consumer,Normal,0,461.0,2026-04-07
C00297,comm_backfill_lump,CommFailure,0,428.0,2026-03-05
C00298,comm_long_gap,CommFailure,0,514.0,2026-05-30
C00299,normal_regular,Normal,0,,
C00300,normal_regular,Normal,0,,
C00301,normal_regular,Normal,0,,
C00302,theft_intermittent,Theft,1,431.0,2026-03-08
C00303,normal_noisy_dupes,Normal,0,,
C00304,legit_solar_efficiency_down,LegitAbnormal,0,426.0,2026-03-03
C00305,theft_gradual,Theft,1,424.0,2026-03-01
C00306,normal_regular,Normal,0,,
C00307,comm_long_gap,CommFailure,0,469.0,2026-04-15
C00308,normal_regular,Normal,0,,
C00309,theft_intermittent,Theft,1,440.0,2026-03-17
C00310,normal_regular,Normal,0,,
C00311,normal_regular,Normal,0,,
C00312,normal_regular,Normal,0,,
C00313,normal_regular,Normal,0,,
C00314,legit_guest_spike,LegitAbnormal,0,513.0,2026-05-29
C00315,theft_step_drop,Theft,1,346.0,2025-12-13
C00316,normal_new_consumer,Normal,0,494.0,2026-05-10
C00317,fault_spikes,MeterFault,0,494.0,2026-05-10
C00318,normal_regular,Normal,0,,
C00319,normal_regular,Normal,0,,
C00320,legit_extended_absence,LegitAbnormal,0,455.0,2026-04-01
C00321,normal_noisy_dupes,Normal,0,,
C00322,comm_long_gap,CommFailure,0,465.0,2026-04-11
C00323,normal_regular,Normal,0,,
C00324,normal_regular,Normal,0,,
C00325,normal_regular,Normal,0,,
C00326,normal_regular,Normal,0,,
C00327,legit_move_out,LegitAbnormal,0,433.0,2026-03-10
C00328,normal_regular,Normal,0,,
C00329,normal_regular,Normal,0,,
C00330,fault_stuck,MeterFault,0,407.0,2026-02-12
C00331,legit_solar_efficiency_down,LegitAbnormal,0,445.0,2026-03-22
C00332,comm_long_gap,CommFailure,0,512.0,2026-05-28
C00333,normal_new_consumer,Normal,0,488.0,2026-05-04
C00334,fault_zero,MeterFault,0,488.0,2026-05-04
C00335,normal_regular,Normal,0,,
C00336,fault_zero,MeterFault,0,444.0,2026-03-21
C00337,normal_regular,Normal,0,,
C00338,fault_spikes,MeterFault,0,385.0,2026-01-21
C00339,normal_regular,Normal,0,,
C00340,normal_regular,Normal,0,,
C00341,theft_intermittent,Theft,1,332.0,2025-11-29
C00342,normal_regular,Normal,0,,
C00343,normal_new_consumer,Normal,0,480.0,2026-04-26
C00344,legit_vacation,LegitAbnormal,0,460.0,2026-04-06
C00345,normal_regular,Normal,0,,
C00346,normal_noisy_dupes,Normal,0,,
C00347,normal_regular,Normal,0,,
C00348,normal_new_consumer,Normal,0,478.0,2026-04-24
C00349,theft_near_zero,Theft,1,474.0,2026-04-20
C00350,legit_solar_efficiency_down,LegitAbnormal,0,402.0,2026-02-07
C00351,normal_regular,Normal,0,,
C00352,normal_regular,Normal,0,,
C00353,theft_near_zero,Theft,1,465.0,2026-04-11
C00354,comm_backfill_lump,CommFailure,0,503.0,2026-05-19
C00355,normal_regular,Normal,0,,
C00356,normal_regular,Normal,0,,
C00357,comm_intermittent,CommFailure,0,411.0,2026-02-16
C00358,legit_solar_efficiency_down,LegitAbnormal,0,464.0,2026-04-10
C00359,normal_regular,Normal,0,,
C00360,normal_new_consumer,Normal,0,496.0,2026-05-12
C00361,normal_regular,Normal,0,,
C00362,legit_move_out,LegitAbnormal,0,413.0,2026-02-18
C00363,normal_noisy_dupes,Normal,0,,
C00364,normal_regular,Normal,0,,
C00365,normal_regular,Normal,0,,
C00366,fault_drift_high,MeterFault,0,321.0,2025-11-18
C00367,theft_step_drop,Theft,1,374.0,2026-01-10
C00368,legit_guest_spike,LegitAbnormal,0,454.0,2026-03-31
C00369,normal_regular,Normal,0,,
C00370,normal_regular,Normal,0,,
C00371,fault_zero,MeterFault,0,414.0,2026-02-19
C00372,normal_regular,Normal,0,,
C00373,legit_solar_efficiency_down,LegitAbnormal,0,448.0,2026-03-25
C00374,fault_drift_low,MeterFault,0,348.0,2025-12-15
C00375,normal_regular,Normal,0,,
C00376,legit_guest_spike,LegitAbnormal,0,461.0,2026-04-07
C00377,normal_regular,Normal,0,,
C00378,normal_regular,Normal,0,,
C00379,normal_regular,Normal,0,,
C00380,normal_regular,Normal,0,,
C00381,normal_regular,Normal,0,,
C00382,normal_regular,Normal,0,,
C00383,fault_spikes,MeterFault,0,426.0,2026-03-03
C00384,theft_gradual,Theft,1,335.0,2025-12-02
C00385,normal_regular,Normal,0,,
C00386,normal_regular,Normal,0,,
C00387,normal_regular,Normal,0,,
C00388,normal_regular,Normal,0,,
C00389,theft_peak_bypass,Theft,1,439.0,2026-03-16
C00390,normal_regular,Normal,0,,
C00391,comm_long_gap,CommFailure,0,485.0,2026-05-01
C00392,normal_regular,Normal,0,,
C00393,comm_long_gap,CommFailure,0,490.0,2026-05-06
C00394,normal_regular,Normal,0,,
C00395,fault_stuck,MeterFault,0,468.0,2026-04-14
C00396,normal_regular,Normal,0,,
C00397,normal_regular,Normal,0,,
C00398,normal_regular,Normal,0,,
C00399,theft_peak_bypass,Theft,1,418.0,2026-02-23
C00400,legit_vacation,LegitAbnormal,0,515.0,2026-05-31
C00401,theft_gradual,Theft,1,360.0,2025-12-27
C00402,normal_regular,Normal,0,,
C00403,legit_solar_efficiency_down,LegitAbnormal,0,359.0,2025-12-26
C00404,normal_regular,Normal,0,,
C00405,normal_regular,Normal,0,,
C00406,legit_solar_efficiency_down,LegitAbnormal,0,400.0,2026-02-05
C00407,normal_new_consumer,Normal,0,477.0,2026-04-23
C00408,normal_regular,Normal,0,,
C00409,comm_intermittent,CommFailure,0,341.0,2025-12-08
C00410,normal_regular,Normal,0,,
C00411,normal_regular,Normal,0,,
C00412,legit_solar_efficiency_down,LegitAbnormal,0,403.0,2026-02-08
C00413,legit_new_load_up,LegitAbnormal,0,444.0,2026-03-21
C00414,normal_regular,Normal,0,,
C00415,normal_noisy_dupes,Normal,0,,
C00416,legit_guest_spike,LegitAbnormal,0,450.0,2026-03-27
C00417,fault_drift_high,MeterFault,0,366.0,2026-01-02
C00418,normal_regular,Normal,0,,
C00419,fault_drift_low,MeterFault,0,476.0,2026-04-22
C00420,comm_long_gap,CommFailure,0,520.0,2026-06-05
C00421,normal_regular,Normal,0,,
C00422,comm_intermittent,CommFailure,0,390.0,2026-01-26
C00423,normal_regular,Normal,0,,
C00424,normal_regular,Normal,0,,
C00425,normal_regular,Normal,0,,
C00426,normal_regular,Normal,0,,
C00427,fault_drift_low,MeterFault,0,377.0,2026-01-13
C00428,normal_regular,Normal,0,,
C00429,theft_gradual,Theft,1,388.0,2026-01-24
C00430,normal_regular,Normal,0,,
C00431,normal_new_consumer,Normal,0,468.0,2026-04-14
C00432,normal_regular,Normal,0,,
C00433,fault_zero,MeterFault,0,484.0,2026-04-30
C00434,theft_step_drop,Theft,1,351.0,2025-12-18
C00435,legit_extended_absence,LegitAbnormal,0,482.0,2026-04-28
C00436,normal_regular,Normal,0,,
C00437,normal_noisy_dupes,Normal,0,,
C00438,normal_regular,Normal,0,,
C00439,comm_backfill_lump,CommFailure,0,466.0,2026-04-12
C00440,normal_noisy_dupes,Normal,0,,
C00441,normal_regular,Normal,0,,
C00442,normal_regular,Normal,0,,
C00443,normal_regular,Normal,0,,
C00444,theft_intermittent,Theft,1,462.0,2026-04-08
C00445,normal_regular,Normal,0,,
C00446,fault_spikes,MeterFault,0,395.0,2026-01-31
C00447,normal_regular,Normal,0,,
C00448,normal_regular,Normal,0,,
C00449,normal_regular,Normal,0,,
C00450,comm_backfill_lump,CommFailure,0,422.0,2026-02-27
C00451,legit_guest_spike,LegitAbnormal,0,528.0,2026-06-13
C00452,theft_step_drop,Theft,1,428.0,2026-03-05
C00453,normal_regular,Normal,0,,
C00454,normal_regular,Normal,0,,
C00455,theft_peak_bypass,Theft,1,469.0,2026-04-15
C00456,comm_long_gap,CommFailure,0,513.0,2026-05-29
C00457,normal_regular,Normal,0,,
C00458,normal_regular,Normal,0,,
C00459,normal_new_consumer,Normal,0,468.0,2026-04-14
C00460,normal_regular,Normal,0,,
C00461,legit_solar_efficiency_down,LegitAbnormal,0,360.0,2025-12-27
C00462,normal_regular,Normal,0,,
C00463,normal_regular,Normal,0,,
C00464,theft_step_drop,Theft,1,490.0,2026-05-06
C00465,normal_regular,Normal,0,,
C00466,normal_regular,Normal,0,,
C00467,normal_new_consumer,Normal,0,453.0,2026-03-30
C00468,normal_regular,Normal,0,,
C00469,normal_regular,Normal,0,,
C00470,normal_regular,Normal,0,,
C00471,theft_step_drop,Theft,1,461.0,2026-04-07
C00472,normal_regular,Normal,0,,
C00473,normal_new_consumer,Normal,0,464.0,2026-04-10
C00474,normal_regular,Normal,0,,
C00475,legit_vacation,LegitAbnormal,0,423.0,2026-02-28
C00476,normal_regular,Normal,0,,
C00477,normal_regular,Normal,0,,
C00478,normal_regular,Normal,0,,
C00479,normal_regular,Normal,0,,
C00480,fault_spikes,MeterFault,0,455.0,2026-04-01
C00481,normal_new_consumer,Normal,0,469.0,2026-04-15
C00482,legit_move_out,LegitAbnormal,0,500.0,2026-05-16
C00483,normal_regular,Normal,0,,
C00484,normal_regular,Normal,0,,
C00485,comm_intermittent,CommFailure,0,398.0,2026-02-03
C00486,normal_regular,Normal,0,,
C00487,legit_vacation,LegitAbnormal,0,492.0,2026-05-08
C00488,legit_guest_spike,LegitAbnormal,0,530.0,2026-06-15
C00489,normal_regular,Normal,0,,
C00490,normal_regular,Normal,0,,
C00491,normal_regular,Normal,0,,
C00492,comm_intermittent,CommFailure,0,395.0,2026-01-31
C00493,normal_regular,Normal,0,,
C00494,theft_step_drop,Theft,1,350.0,2025-12-17
C00495,legit_extended_absence,LegitAbnormal,0,482.0,2026-04-28
C00496,normal_noisy_dupes,Normal,0,,
C00497,normal_regular,Normal,0,,
C00498,normal_regular,Normal,0,,
C00499,normal_regular,Normal,0,,
C00500,normal_regular,Normal,0,,
C00501,normal_regular,Normal,0,,
C00502,normal_regular,Normal,0,,
C00503,normal_new_consumer,Normal,0,460.0,2026-04-06
C00504,normal_regular,Normal,0,,
C00505,normal_regular,Normal,0,,
C00506,legit_solar_efficiency_down,LegitAbnormal,0,356.0,2025-12-23
C00507,comm_backfill_lump,CommFailure,0,502.0,2026-05-18
C00508,normal_regular,Normal,0,,
C00509,legit_vacation,LegitAbnormal,0,432.0,2026-03-09
C00510,normal_regular,Normal,0,,
C00511,normal_regular,Normal,0,,
C00512,legit_vacation,LegitAbnormal,0,528.0,2026-06-13
C00513,normal_regular,Normal,0,,
C00514,normal_regular,Normal,0,,
C00515,normal_regular,Normal,0,,
C00516,normal_new_consumer,Normal,0,457.0,2026-04-03
C00517,normal_noisy_dupes,Normal,0,,
C00518,fault_drift_low,MeterFault,0,447.0,2026-03-24
C00519,normal_regular,Normal,0,,
C00520,normal_regular,Normal,0,,
C00521,comm_intermittent,CommFailure,0,426.0,2026-03-03
C00522,normal_regular,Normal,0,,
C00523,normal_regular,Normal,0,,
C00524,fault_drift_high,MeterFault,0,442.0,2026-03-19
C00525,legit_solar_efficiency_down,LegitAbnormal,0,437.0,2026-03-14
C00526,normal_new_consumer,Normal,0,492.0,2026-05-08
C00527,legit_vacation,LegitAbnormal,0,453.0,2026-03-30
C00528,legit_new_load_up,LegitAbnormal,0,379.0,2026-01-15
C00529,normal_regular,Normal,0,,
C00530,legit_new_load_up,LegitAbnormal,0,353.0,2025-12-20
C00531,legit_guest_spike,LegitAbnormal,0,458.0,2026-04-04
C00532,comm_long_gap,CommFailure,0,499.0,2026-05-15
C00533,fault_spikes,MeterFault,0,360.0,2025-12-27
C00534,fault_stuck,MeterFault,0,501.0,2026-05-17
C00535,normal_regular,Normal,0,,
C00536,fault_zero,MeterFault,0,387.0,2026-01-23
C00537,normal_regular,Normal,0,,
C00538,comm_intermittent,CommFailure,0,454.0,2026-03-31
C00539,comm_intermittent,CommFailure,0,441.0,2026-03-18
C00540,normal_noisy_dupes,Normal,0,,
C00541,comm_intermittent,CommFailure,0,413.0,2026-02-18
C00542,normal_regular,Normal,0,,
C00543,legit_guest_spike,LegitAbnormal,0,482.0,2026-04-28
C00544,normal_regular,Normal,0,,
C00545,legit_move_out,LegitAbnormal,0,487.0,2026-05-03
C00546,legit_solar_efficiency_down,LegitAbnormal,0,488.0,2026-05-04
C00547,comm_long_gap,CommFailure,0,513.0,2026-05-29
C00548,normal_regular,Normal,0,,
C00549,fault_stuck,MeterFault,0,464.0,2026-04-10
C00550,normal_regular,Normal,0,,
C00551,normal_regular,Normal,0,,
C00552,legit_vacation,LegitAbnormal,0,459.0,2026-04-05
C00553,comm_intermittent,CommFailure,0,467.0,2026-04-13
C00554,comm_intermittent,CommFailure,0,357.0,2025-12-24
C00555,normal_regular,Normal,0,,
C00556,normal_regular,Normal,0,,
C00557,comm_long_gap,CommFailure,0,486.0,2026-05-02
C00558,fault_stuck,MeterFault,0,468.0,2026-04-14
C00559,normal_regular,Normal,0,,
C00560,theft_peak_bypass,Theft,1,411.0,2026-02-16
C00561,normal_new_consumer,Normal,0,479.0,2026-04-25
C00562,normal_regular,Normal,0,,
C00563,fault_drift_high,MeterFault,0,350.0,2025-12-17
C00564,normal_regular,Normal,0,,
C00565,legit_move_out,LegitAbnormal,0,415.0,2026-02-20
C00566,comm_intermittent,CommFailure,0,380.0,2026-01-16
C00567,legit_vacation,LegitAbnormal,0,513.0,2026-05-29
C00568,legit_move_out,LegitAbnormal,0,397.0,2026-02-02
C00569,comm_intermittent,CommFailure,0,376.0,2026-01-12
C00570,comm_intermittent,CommFailure,0,460.0,2026-04-06
C00571,normal_regular,Normal,0,,
C00572,normal_regular,Normal,0,,
C00573,legit_guest_spike,LegitAbnormal,0,503.0,2026-05-19
C00574,legit_vacation,LegitAbnormal,0,438.0,2026-03-15
C00575,normal_regular,Normal,0,,
C00576,normal_regular,Normal,0,,
C00577,legit_vacation,LegitAbnormal,0,446.0,2026-03-23
C00578,comm_long_gap,CommFailure,0,470.0,2026-04-16
C00579,normal_new_consumer,Normal,0,469.0,2026-04-15
C00580,normal_new_consumer,Normal,0,462.0,2026-04-08
C00581,normal_regular,Normal,0,,
C00582,fault_drift_low,MeterFault,0,450.0,2026-03-27
C00583,normal_regular,Normal,0,,
C00584,normal_regular,Normal,0,,
C00585,theft_step_drop,Theft,1,452.0,2026-03-29
C00586,fault_drift_high,MeterFault,0,364.0,2025-12-31
C00587,theft_near_zero,Theft,1,457.0,2026-04-03
C00588,theft_gradual,Theft,1,408.0,2026-02-13
C00589,normal_regular,Normal,0,,
C00590,normal_regular,Normal,0,,
C00591,comm_long_gap,CommFailure,0,513.0,2026-05-29
C00592,normal_regular,Normal,0,,
C00593,legit_move_out,LegitAbnormal,0,503.0,2026-05-19
C00594,legit_guest_spike,LegitAbnormal,0,486.0,2026-05-02
C00595,legit_guest_spike,LegitAbnormal,0,497.0,2026-05-13
C00596,normal_regular,Normal,0,,
C00597,normal_new_consumer,Normal,0,485.0,2026-05-01
C00598,normal_regular,Normal,0,,
C00599,comm_intermittent,CommFailure,0,470.0,2026-04-16
C00600,legit_new_load_up,LegitAbnormal,0,379.0,2026-01-15
C00601,normal_regular,Normal,0,,
C00602,normal_regular,Normal,0,,
C00603,normal_new_consumer,Normal,0,452.0,2026-03-29
C00604,normal_regular,Normal,0,,
C00605,normal_regular,Normal,0,,
C00606,normal_regular,Normal,0,,
C00607,fault_drift_low,MeterFault,0,438.0,2026-03-15
C00608,normal_noisy_dupes,Normal,0,,
C00609,normal_regular,Normal,0,,
C00610,legit_solar_efficiency_down,LegitAbnormal,0,422.0,2026-02-27
C00611,normal_regular,Normal,0,,
C00612,normal_regular,Normal,0,,
C00613,normal_noisy_dupes,Normal,0,,
C00614,normal_noisy_dupes,Normal,0,,
C00615,fault_stuck,MeterFault,0,414.0,2026-02-19
C00616,comm_backfill_lump,CommFailure,0,502.0,2026-05-18
C00617,normal_regular,Normal,0,,
C00618,normal_regular,Normal,0,,
C00619,theft_step_drop,Theft,1,364.0,2025-12-31
C00620,normal_regular,Normal,0,,
C00621,normal_noisy_dupes,Normal,0,,
C00622,normal_regular,Normal,0,,
C00623,normal_noisy_dupes,Normal,0,,
C00624,normal_regular,Normal,0,,
C00625,normal_regular,Normal,0,,
C00626,normal_regular,Normal,0,,
C00627,normal_regular,Normal,0,,
C00628,normal_regular,Normal,0,,
C00629,comm_backfill_lump,CommFailure,0,465.0,2026-04-11
C00630,legit_vacation,LegitAbnormal,0,457.0,2026-04-03
C00631,normal_new_consumer,Normal,0,461.0,2026-04-07
C00632,legit_guest_spike,LegitAbnormal,0,441.0,2026-03-18
C00633,normal_regular,Normal,0,,
C00634,theft_intermittent,Theft,1,352.0,2025-12-19
C00635,normal_regular,Normal,0,,
C00636,normal_regular,Normal,0,,
C00637,fault_zero,MeterFault,0,421.0,2026-02-26
C00638,normal_regular,Normal,0,,
C00639,normal_regular,Normal,0,,
C00640,normal_noisy_dupes,Normal,0,,
C00641,normal_new_consumer,Normal,0,486.0,2026-05-02
C00642,legit_vacation,LegitAbnormal,0,439.0,2026-03-16
C00643,legit_solar_efficiency_down,LegitAbnormal,0,404.0,2026-02-09
C00644,comm_intermittent,CommFailure,0,356.0,2025-12-23
C00645,normal_regular,Normal,0,,
C00646,normal_noisy_dupes,Normal,0,,
C00647,normal_regular,Normal,0,,
C00648,theft_step_drop,Theft,1,352.0,2025-12-19
C00649,normal_noisy_dupes,Normal,0,,
C00650,normal_regular,Normal,0,,
C00651,normal_regular,Normal,0,,
C00652,normal_regular,Normal,0,,
C00653,normal_regular,Normal,0,,
C00654,normal_regular,Normal,0,,
C00655,normal_noisy_dupes,Normal,0,,
C00656,legit_guest_spike,LegitAbnormal,0,497.0,2026-05-13
C00657,normal_regular,Normal,0,,
C00658,normal_regular,Normal,0,,
C00659,theft_intermittent,Theft,1,343.0,2025-12-10
C00660,legit_solar_efficiency_down,LegitAbnormal,0,421.0,2026-02-26
C00661,normal_regular,Normal,0,,
C00662,fault_stuck,MeterFault,0,459.0,2026-04-05
C00663,normal_noisy_dupes,Normal,0,,
C00664,normal_regular,Normal,0,,
C00665,normal_regular,Normal,0,,
C00666,legit_vacation,LegitAbnormal,0,422.0,2026-02-27
C00667,normal_regular,Normal,0,,
C00668,normal_regular,Normal,0,,
C00669,normal_regular,Normal,0,,
C00670,normal_regular,Normal,0,,
C00671,comm_backfill_lump,CommFailure,0,511.0,2026-05-27
C00672,theft_near_zero,Theft,1,408.0,2026-02-13
C00673,normal_regular,Normal,0,,
C00674,normal_regular,Normal,0,,
C00675,theft_step_drop,Theft,1,404.0,2026-02-09
C00676,comm_backfill_lump,CommFailure,0,497.0,2026-05-13
C00677,normal_regular,Normal,0,,
C00678,normal_regular,Normal,0,,
C00679,normal_regular,Normal,0,,
C00680,fault_stuck,MeterFault,0,473.0,2026-04-19
C00681,normal_regular,Normal,0,,
C00682,fault_drift_low,MeterFault,0,326.0,2025-11-23
C00683,normal_regular,Normal,0,,
C00684,normal_new_consumer,Normal,0,495.0,2026-05-11
C00685,normal_regular,Normal,0,,
C00686,normal_regular,Normal,0,,
C00687,normal_regular,Normal,0,,
C00688,theft_gradual,Theft,1,406.0,2026-02-11
C00689,normal_regular,Normal,0,,
C00690,theft_near_zero,Theft,1,480.0,2026-04-26
C00691,legit_vacation,LegitAbnormal,0,450.0,2026-03-27
C00692,normal_regular,Normal,0,,
C00693,legit_new_load_up,LegitAbnormal,0,390.0,2026-01-26
C00694,legit_solar_efficiency_down,LegitAbnormal,0,474.0,2026-04-20
C00695,normal_regular,Normal,0,,
C00696,normal_new_consumer,Normal,0,483.0,2026-04-29
C00697,normal_regular,Normal,0,,
C00698,normal_noisy_dupes,Normal,0,,
C00699,fault_drift_low,MeterFault,0,410.0,2026-02-15
C00700,legit_vacation,LegitAbnormal,0,481.0,2026-04-27
C00701,comm_intermittent,CommFailure,0,425.0,2026-03-02
C00702,normal_regular,Normal,0,,
C00703,normal_regular,Normal,0,,
C00704,normal_new_consumer,Normal,0,491.0,2026-05-07
C00705,normal_regular,Normal,0,,
C00706,normal_regular,Normal,0,,
C00707,legit_vacation,LegitAbnormal,0,528.0,2026-06-13
C00708,normal_regular,Normal,0,,
C00709,normal_regular,Normal,0,,
C00710,normal_regular,Normal,0,,
C00711,normal_regular,Normal,0,,
C00712,normal_regular,Normal,0,,
C00713,normal_new_consumer,Normal,0,489.0,2026-05-05
C00714,theft_near_zero,Theft,1,399.0,2026-02-04
C00715,normal_noisy_dupes,Normal,0,,
C00716,normal_regular,Normal,0,,
C00717,normal_regular,Normal,0,,
C00718,normal_regular,Normal,0,,
C00719,normal_noisy_dupes,Normal,0,,
C00720,normal_regular,Normal,0,,
C00721,fault_drift_low,MeterFault,0,438.0,2026-03-15
C00722,comm_long_gap,CommFailure,0,507.0,2026-05-23
C00723,normal_regular,Normal,0,,
C00724,normal_regular,Normal,0,,
C00725,theft_intermittent,Theft,1,421.0,2026-02-26
C00726,normal_regular,Normal,0,,
C00727,legit_new_load_up,LegitAbnormal,0,456.0,2026-04-02
C00728,normal_regular,Normal,0,,
C00729,theft_gradual,Theft,1,397.0,2026-02-02
C00730,normal_regular,Normal,0,,
C00731,normal_regular,Normal,0,,
C00732,normal_regular,Normal,0,,
C00733,normal_new_consumer,Normal,0,499.0,2026-05-15
C00734,normal_new_consumer,Normal,0,499.0,2026-05-15
C00735,normal_regular,Normal,0,,
C00736,normal_regular,Normal,0,,
C00737,normal_regular,Normal,0,,
C00738,normal_regular,Normal,0,,
C00739,normal_regular,Normal,0,,
C00740,theft_gradual,Theft,1,372.0,2026-01-08
C00741,normal_regular,Normal,0,,
C00742,legit_guest_spike,LegitAbnormal,0,491.0,2026-05-07
C00743,theft_near_zero,Theft,1,481.0,2026-04-27
C00744,comm_long_gap,CommFailure,0,469.0,2026-04-15
C00745,normal_regular,Normal,0,,
C00746,normal_regular,Normal,0,,
C00747,theft_step_drop,Theft,1,376.0,2026-01-12
C00748,comm_intermittent,CommFailure,0,432.0,2026-03-09
C00749,normal_regular,Normal,0,,
C00750,normal_regular,Normal,0,,
C00751,normal_regular,Normal,0,,
C00752,normal_regular,Normal,0,,
C00753,normal_regular,Normal,0,,
C00754,normal_regular,Normal,0,,
C00755,comm_long_gap,CommFailure,0,498.0,2026-05-14
C00756,legit_guest_spike,LegitAbnormal,0,492.0,2026-05-08
C00757,normal_regular,Normal,0,,
C00758,normal_regular,Normal,0,,
C00759,normal_regular,Normal,0,,
C00760,normal_regular,Normal,0,,
C00761,normal_regular,Normal,0,,
C00762,normal_regular,Normal,0,,
C00763,normal_new_consumer,Normal,0,463.0,2026-04-09
C00764,normal_regular,Normal,0,,
C00765,fault_zero,MeterFault,0,512.0,2026-05-28
C00766,normal_regular,Normal,0,,
C00767,normal_regular,Normal,0,,
C00768,normal_regular,Normal,0,,
C00769,normal_regular,Normal,0,,
C00770,normal_regular,Normal,0,,
C00771,normal_regular,Normal,0,,
C00772,normal_regular,Normal,0,,
C00773,normal_regular,Normal,0,,
C00774,normal_noisy_dupes,Normal,0,,
C00775,normal_regular,Normal,0,,
C00776,fault_drift_low,MeterFault,0,364.0,2025-12-31
C00777,normal_regular,Normal,0,,
C00778,normal_regular,Normal,0,,
C00779,normal_regular,Normal,0,,
C00780,normal_new_consumer,Normal,0,467.0,2026-04-13
C00781,legit_vacation,LegitAbnormal,0,493.0,2026-05-09
C00782,legit_guest_spike,LegitAbnormal,0,496.0,2026-05-12
C00783,fault_zero,MeterFault,0,482.0,2026-04-28
C00784,comm_backfill_lump,CommFailure,0,433.0,2026-03-10
C00785,legit_move_out,LegitAbnormal,0,398.0,2026-02-03
C00786,normal_regular,Normal,0,,
C00787,legit_new_load_up,LegitAbnormal,0,436.0,2026-03-13
C00788,normal_regular,Normal,0,,
C00789,normal_regular,Normal,0,,
C00790,normal_regular,Normal,0,,
C00791,theft_near_zero,Theft,1,465.0,2026-04-11
C00792,normal_regular,Normal,0,,
C00793,legit_vacation,LegitAbnormal,0,447.0,2026-03-24
C00794,normal_regular,Normal,0,,
C00795,normal_new_consumer,Normal,0,462.0,2026-04-08
C00796,legit_guest_spike,LegitAbnormal,0,521.0,2026-06-06
C00797,normal_regular,Normal,0,,
C00798,normal_regular,Normal,0,,
C00799,normal_regular,Normal,0,,
C00800,legit_vacation,LegitAbnormal,0,472.0,2026-04-18
C00801,normal_regular,Normal,0,,
C00802,legit_guest_spike,LegitAbnormal,0,517.0,2026-06-02
C00803,normal_regular,Normal,0,,
C00804,normal_new_consumer,Normal,0,491.0,2026-05-07
C00805,theft_near_zero,Theft,1,388.0,2026-01-24
C00806,normal_regular,Normal,0,,
C00807,normal_new_consumer,Normal,0,487.0,2026-05-03
C00808,normal_regular,Normal,0,,
C00809,normal_regular,Normal,0,,
C00810,legit_vacation,LegitAbnormal,0,517.0,2026-06-02
C00811,normal_noisy_dupes,Normal,0,,
C00812,normal_regular,Normal,0,,
C00813,normal_noisy_dupes,Normal,0,,
C00814,normal_regular,Normal,0,,
C00815,normal_regular,Normal,0,,
C00816,normal_regular,Normal,0,,
C00817,theft_intermittent,Theft,1,332.0,2025-11-29
C00818,normal_regular,Normal,0,,
C00819,normal_noisy_dupes,Normal,0,,
C00820,normal_regular,Normal,0,,
C00821,normal_regular,Normal,0,,
C00822,normal_regular,Normal,0,,
C00823,comm_intermittent,CommFailure,0,345.0,2025-12-12
C00824,normal_regular,Normal,0,,
C00825,normal_regular,Normal,0,,
C00826,normal_regular,Normal,0,,
C00827,normal_regular,Normal,0,,
C00828,theft_near_zero,Theft,1,461.0,2026-04-07
C00829,legit_new_load_up,LegitAbnormal,0,351.0,2025-12-18
C00830,normal_new_consumer,Normal,0,463.0,2026-04-09
C00831,normal_regular,Normal,0,,
C00832,normal_regular,Normal,0,,
C00833,theft_peak_bypass,Theft,1,444.0,2026-03-21
C00834,theft_intermittent,Theft,1,391.0,2026-01-27
C00835,normal_regular,Normal,0,,
C00836,comm_long_gap,CommFailure,0,500.0,2026-05-16
C00837,fault_stuck,MeterFault,0,401.0,2026-02-06
C00838,normal_new_consumer,Normal,0,451.0,2026-03-28
C00839,fault_spikes,MeterFault,0,433.0,2026-03-10
C00840,normal_regular,Normal,0,,
C00841,normal_noisy_dupes,Normal,0,,
C00842,theft_step_drop,Theft,1,499.0,2026-05-15
C00843,normal_regular,Normal,0,,
C00844,legit_guest_spike,LegitAbnormal,0,471.0,2026-04-17
C00845,normal_regular,Normal,0,,
C00846,normal_noisy_dupes,Normal,0,,
C00847,comm_intermittent,CommFailure,0,376.0,2026-01-12
C00848,normal_regular,Normal,0,,
C00849,theft_step_drop,Theft,1,453.0,2026-03-30
C00850,normal_regular,Normal,0,,
C00851,normal_regular,Normal,0,,
C00852,legit_vacation,LegitAbnormal,0,460.0,2026-04-06
C00853,comm_intermittent,CommFailure,0,418.0,2026-02-23
C00854,normal_regular,Normal,0,,
C00855,theft_peak_bypass,Theft,1,486.0,2026-05-02
C00856,comm_long_gap,CommFailure,0,497.0,2026-05-13
C00857,normal_regular,Normal,0,,
C00858,normal_regular,Normal,0,,
C00859,normal_regular,Normal,0,,
C00860,normal_regular,Normal,0,,
C00861,normal_regular,Normal,0,,
C00862,theft_step_drop,Theft,1,492.0,2026-05-08
C00863,fault_spikes,MeterFault,0,392.0,2026-01-28
C00864,comm_intermittent,CommFailure,0,370.0,2026-01-06
C00865,legit_move_out,LegitAbnormal,0,401.0,2026-02-06
C00866,normal_new_consumer,Normal,0,480.0,2026-04-26
C00867,normal_regular,Normal,0,,
C00868,normal_regular,Normal,0,,
C00869,normal_new_consumer,Normal,0,456.0,2026-04-02
C00870,theft_step_drop,Theft,1,504.0,2026-05-20
C00871,normal_regular,Normal,0,,
C00872,normal_regular,Normal,0,,
C00873,normal_regular,Normal,0,,
C00874,theft_step_drop,Theft,1,364.0,2025-12-31
C00875,legit_extended_absence,LegitAbnormal,0,487.0,2026-05-03
C00876,normal_regular,Normal,0,,
C00877,normal_regular,Normal,0,,
C00878,normal_regular,Normal,0,,
C00879,normal_new_consumer,Normal,0,485.0,2026-05-01
C00880,comm_backfill_lump,CommFailure,0,421.0,2026-02-26
C00881,normal_regular,Normal,0,,
C00882,legit_vacation,LegitAbnormal,0,474.0,2026-04-20
C00883,normal_new_consumer,Normal,0,481.0,2026-04-27
C00884,legit_vacation,LegitAbnormal,0,499.0,2026-05-15
C00885,normal_regular,Normal,0,,
C00886,theft_step_drop,Theft,1,390.0,2026-01-26
C00887,normal_regular,Normal,0,,
C00888,normal_regular,Normal,0,,
C00889,normal_regular,Normal,0,,
C00890,normal_regular,Normal,0,,
C00891,normal_regular,Normal,0,,
C00892,normal_regular,Normal,0,,
C00893,normal_regular,Normal,0,,
C00894,normal_regular,Normal,0,,
C00895,fault_zero,MeterFault,0,430.0,2026-03-07
C00896,normal_regular,Normal,0,,
C00897,normal_regular,Normal,0,,
C00898,comm_backfill_lump,CommFailure,0,492.0,2026-05-08
C00899,normal_regular,Normal,0,,
C00900,normal_regular,Normal,0,,
C00901,theft_near_zero,Theft,1,418.0,2026-02-23
C00902,normal_regular,Normal,0,,
C00903,normal_new_consumer,Normal,0,467.0,2026-04-13
C00904,normal_regular,Normal,0,,
C00905,legit_solar_efficiency_down,LegitAbnormal,0,503.0,2026-05-19
C00906,comm_long_gap,CommFailure,0,516.0,2026-06-01
C00907,normal_regular,Normal,0,,
C00908,normal_regular,Normal,0,,
C00909,fault_drift_low,MeterFault,0,332.0,2025-11-29
C00910,normal_regular,Normal,0,,
C00911,theft_intermittent,Theft,1,346.0,2025-12-13
C00912,fault_zero,MeterFault,0,469.0,2026-04-15
C00913,legit_extended_absence,LegitAbnormal,0,463.0,2026-04-09
C00914,normal_regular,Normal,0,,
C00915,normal_regular,Normal,0,,
C00916,legit_guest_spike,LegitAbnormal,0,522.0,2026-06-07
C00917,comm_intermittent,CommFailure,0,352.0,2025-12-19
C00918,normal_noisy_dupes,Normal,0,,
C00919,normal_regular,Normal,0,,
C00920,normal_regular,Normal,0,,
C00921,theft_gradual,Theft,1,388.0,2026-01-24
C00922,legit_solar_efficiency_down,LegitAbnormal,0,489.0,2026-05-05
C00923,legit_vacation,LegitAbnormal,0,528.0,2026-06-13
C00924,legit_new_load_up,LegitAbnormal,0,407.0,2026-02-12
C00925,normal_regular,Normal,0,,
C00926,legit_guest_spike,LegitAbnormal,0,450.0,2026-03-27
C00927,normal_regular,Normal,0,,
C00928,normal_regular,Normal,0,,
C00929,fault_stuck,MeterFault,0,417.0,2026-02-22
C00930,fault_drift_high,MeterFault,0,331.0,2025-11-28
C00931,legit_move_out,LegitAbnormal,0,507.0,2026-05-23
C00932,comm_intermittent,CommFailure,0,416.0,2026-02-21
C00933,normal_regular,Normal,0,,
C00934,normal_regular,Normal,0,,
C00935,normal_regular,Normal,0,,
C00936,normal_regular,Normal,0,,
C00937,legit_vacation,LegitAbnormal,0,497.0,2026-05-13
C00938,normal_regular,Normal,0,,
C00939,legit_vacation,LegitAbnormal,0,480.0,2026-04-26
C00940,normal_new_consumer,Normal,0,481.0,2026-04-27
C00941,normal_regular,Normal,0,,
C00942,theft_step_drop,Theft,1,455.0,2026-04-01
C00943,legit_new_load_up,LegitAbnormal,0,484.0,2026-04-30
C00944,normal_regular,Normal,0,,
C00945,comm_intermittent,CommFailure,0,446.0,2026-03-23
C00946,theft_peak_bypass,Theft,1,505.0,2026-05-21
C00947,legit_guest_spike,LegitAbnormal,0,518.0,2026-06-03
C00948,normal_noisy_dupes,Normal,0,,
C00949,legit_guest_spike,LegitAbnormal,0,443.0,2026-03-20
C00950,normal_regular,Normal,0,,
C00951,normal_regular,Normal,0,,
C00952,legit_move_out,LegitAbnormal,0,466.0,2026-04-12
C00953,theft_gradual,Theft,1,402.0,2026-02-07
C00954,normal_regular,Normal,0,,
C00955,legit_vacation,LegitAbnormal,0,460.0,2026-04-06
C00956,legit_vacation,LegitAbnormal,0,482.0,2026-04-28
C00957,fault_stuck,MeterFault,0,462.0,2026-04-08
C00958,comm_long_gap,CommFailure,0,472.0,2026-04-18
C00959,normal_regular,Normal,0,,
C00960,comm_long_gap,CommFailure,0,494.0,2026-05-10
C00961,normal_new_consumer,Normal,0,489.0,2026-05-05
C00962,normal_regular,Normal,0,,
C00963,normal_regular,Normal,0,,
C00964,fault_drift_high,MeterFault,0,350.0,2025-12-17
C00965,fault_drift_low,MeterFault,0,342.0,2025-12-09
C00966,normal_regular,Normal,0,,
C00967,normal_regular,Normal,0,,
C00968,theft_peak_bypass,Theft,1,501.0,2026-05-17
C00969,fault_drift_high,MeterFault,0,403.0,2026-02-08
C00970,legit_move_out,LegitAbnormal,0,401.0,2026-02-06
C00971,normal_noisy_dupes,Normal,0,,
C00972,fault_drift_high,MeterFault,0,478.0,2026-04-24
C00973,normal_noisy_dupes,Normal,0,,
C00974,normal_regular,Normal,0,,
C00975,normal_regular,Normal,0,,
C00976,normal_regular,Normal,0,,
C00977,theft_peak_bypass,Theft,1,475.0,2026-04-21
C00978,normal_regular,Normal,0,,
C00979,normal_regular,Normal,0,,
C00980,normal_regular,Normal,0,,
C00981,normal_regular,Normal,0,,
C00982,fault_zero,MeterFault,0,470.0,2026-04-16
C00983,normal_regular,Normal,0,,
C00984,legit_guest_spike,LegitAbnormal,0,524.0,2026-06-09
C00985,theft_intermittent,Theft,1,474.0,2026-04-20
C00986,normal_regular,Normal,0,,
C00987,fault_spikes,MeterFault,0,428.0,2026-03-05
C00988,theft_step_drop,Theft,1,345.0,2025-12-12
C00989,fault_drift_low,MeterFault,0,457.0,2026-04-03
C00990,fault_spikes,MeterFault,0,420.0,2026-02-25
C00991,normal_regular,Normal,0,,
C00992,normal_regular,Normal,0,,
C00993,legit_vacation,LegitAbnormal,0,463.0,2026-04-09
C00994,normal_regular,Normal,0,,
C00995,normal_regular,Normal,0,,
C00996,fault_stuck,MeterFault,0,513.0,2026-05-29
C00997,comm_intermittent,CommFailure,0,353.0,2025-12-20
C00998,legit_solar_efficiency_down,LegitAbnormal,0,446.0,2026-03-23
C00999,normal_regular,Normal,0,,
C01000,normal_regular,Normal,0,,
C01001,normal_new_consumer,Normal,0,478.0,2026-04-24
C01002,legit_solar_efficiency_down,LegitAbnormal,0,425.0,2026-03-02
C01003,legit_guest_spike,LegitAbnormal,0,463.0,2026-04-09
C01004,normal_regular,Normal,0,,
C01005,normal_new_consumer,Normal,0,477.0,2026-04-23
C01006,normal_regular,Normal,0,,
C01007,normal_new_consumer,Normal,0,467.0,2026-04-13
C01008,normal_regular,Normal,0,,
C01009,normal_regular,Normal,0,,
C01010,fault_drift_low,MeterFault,0,440.0,2026-03-17
C01011,normal_regular,Normal,0,,
C01012,normal_regular,Normal,0,,
C01013,comm_intermittent,CommFailure,0,459.0,2026-04-05
C01014,normal_regular,Normal,0,,
C01015,normal_new_consumer,Normal,0,486.0,2026-05-02
C01016,legit_new_load_up,LegitAbnormal,0,475.0,2026-04-21
C01017,theft_step_drop,Theft,1,447.0,2026-03-24
C01018,fault_spikes,MeterFault,0,495.0,2026-05-11
C01019,legit_new_load_up,LegitAbnormal,0,507.0,2026-05-23
C01020,comm_backfill_lump,CommFailure,0,480.0,2026-04-26
C01021,theft_intermittent,Theft,1,323.0,2025-11-20
C01022,fault_spikes,MeterFault,0,343.0,2025-12-10
C01023,normal_new_consumer,Normal,0,459.0,2026-04-05
C01024,comm_backfill_lump,CommFailure,0,517.0,2026-06-02
C01025,normal_regular,Normal,0,,
C01026,legit_solar_efficiency_down,LegitAbnormal,0,498.0,2026-05-14
C01027,theft_peak_bypass,Theft,1,385.0,2026-01-21
C01028,fault_stuck,MeterFault,0,416.0,2026-02-21
C01029,legit_solar_efficiency_down,LegitAbnormal,0,395.0,2026-01-31
C01030,fault_spikes,MeterFault,0,444.0,2026-03-21
C01031,normal_regular,Normal,0,,
C01032,legit_move_out,LegitAbnormal,0,452.0,2026-03-29
C01033,comm_backfill_lump,CommFailure,0,469.0,2026-04-15
C01034,normal_regular,Normal,0,,
C01035,normal_regular,Normal,0,,
C01036,fault_zero,MeterFault,0,409.0,2026-02-14
C01037,theft_step_drop,Theft,1,417.0,2026-02-22
C01038,normal_regular,Normal,0,,
C01039,normal_regular,Normal,0,,
C01040,comm_intermittent,CommFailure,0,452.0,2026-03-29
C01041,normal_regular,Normal,0,,
C01042,normal_regular,Normal,0,,
C01043,normal_new_consumer,Normal,0,501.0,2026-05-17
C01044,normal_regular,Normal,0,,
C01045,legit_new_load_up,LegitAbnormal,0,434.0,2026-03-11
C01046,legit_extended_absence,LegitAbnormal,0,485.0,2026-05-01
C01047,fault_stuck,MeterFault,0,512.0,2026-05-28
C01048,normal_regular,Normal,0,,
C01049,legit_solar_efficiency_down,LegitAbnormal,0,493.0,2026-05-09
C01050,normal_regular,Normal,0,,
C01051,theft_near_zero,Theft,1,382.0,2026-01-18
C01052,legit_guest_spike,LegitAbnormal,0,534.0,2026-06-19
C01053,theft_near_zero,Theft,1,494.0,2026-05-10
C01054,normal_regular,Normal,0,,
C01055,legit_solar_efficiency_down,LegitAbnormal,0,430.0,2026-03-07
C01056,normal_regular,Normal,0,,
C01057,comm_long_gap,CommFailure,0,500.0,2026-05-16
C01058,fault_drift_low,MeterFault,0,473.0,2026-04-19
C01059,fault_drift_high,MeterFault,0,447.0,2026-03-24
C01060,normal_regular,Normal,0,,
C01061,legit_guest_spike,LegitAbnormal,0,462.0,2026-04-08
C01062,normal_regular,Normal,0,,
C01063,legit_new_load_up,LegitAbnormal,0,492.0,2026-05-08
C01064,normal_new_consumer,Normal,0,483.0,2026-04-29
C01065,legit_new_load_up,LegitAbnormal,0,505.0,2026-05-21
C01066,normal_regular,Normal,0,,
C01067,normal_regular,Normal,0,,
C01068,normal_regular,Normal,0,,
C01069,normal_regular,Normal,0,,
C01070,normal_regular,Normal,0,,
C01071,normal_regular,Normal,0,,
C01072,normal_noisy_dupes,Normal,0,,
C01073,normal_noisy_dupes,Normal,0,,
C01074,fault_drift_low,MeterFault,0,389.0,2026-01-25
C01075,fault_spikes,MeterFault,0,406.0,2026-02-11
C01076,comm_long_gap,CommFailure,0,488.0,2026-05-04
C01077,normal_regular,Normal,0,,
C01078,normal_regular,Normal,0,,
C01079,theft_gradual,Theft,1,410.0,2026-02-15
C01080,normal_new_consumer,Normal,0,474.0,2026-04-20
C01081,normal_regular,Normal,0,,
C01082,normal_regular,Normal,0,,
C01083,normal_regular,Normal,0,,
C01084,normal_regular,Normal,0,,
C01085,legit_move_out,LegitAbnormal,0,494.0,2026-05-10
C01086,comm_backfill_lump,CommFailure,0,454.0,2026-03-31
C01087,normal_regular,Normal,0,,
C01088,fault_spikes,MeterFault,0,509.0,2026-05-25
C01089,normal_regular,Normal,0,,
C01090,normal_regular,Normal,0,,
C01091,normal_regular,Normal,0,,
C01092,normal_noisy_dupes,Normal,0,,
C01093,normal_regular,Normal,0,,
C01094,normal_noisy_dupes,Normal,0,,
C01095,legit_vacation,LegitAbnormal,0,491.0,2026-05-07
C01096,normal_regular,Normal,0,,
C01097,normal_regular,Normal,0,,
C01098,comm_long_gap,CommFailure,0,491.0,2026-05-07
C01099,fault_drift_low,MeterFault,0,402.0,2026-02-07
C01100,normal_regular,Normal,0,,
C01101,normal_regular,Normal,0,,
C01102,legit_new_load_up,LegitAbnormal,0,475.0,2026-04-21
C01103,legit_guest_spike,LegitAbnormal,0,533.0,2026-06-18
C01104,normal_regular,Normal,0,,
C01105,normal_regular,Normal,0,,
C01106,normal_regular,Normal,0,,
C01107,theft_step_drop,Theft,1,420.0,2026-02-25
C01108,fault_stuck,MeterFault,0,393.0,2026-01-29
C01109,fault_drift_low,MeterFault,0,368.0,2026-01-04
C01110,comm_intermittent,CommFailure,0,467.0,2026-04-13
C01111,normal_regular,Normal,0,,
C01112,normal_regular,Normal,0,,
C01113,normal_regular,Normal,0,,
C01114,theft_intermittent,Theft,1,328.0,2025-11-25
C01115,normal_regular,Normal,0,,
C01116,normal_regular,Normal,0,,
C01117,normal_new_consumer,Normal,0,457.0,2026-04-03
C01118,fault_drift_low,MeterFault,0,427.0,2026-03-04
C01119,legit_new_load_up,LegitAbnormal,0,508.0,2026-05-24
C01120,theft_intermittent,Theft,1,417.0,2026-02-22
C01121,normal_regular,Normal,0,,
C01122,normal_regular,Normal,0,,
C01123,legit_guest_spike,LegitAbnormal,0,510.0,2026-05-26
C01124,normal_new_consumer,Normal,0,492.0,2026-05-08
C01125,normal_regular,Normal,0,,
C01126,normal_new_consumer,Normal,0,453.0,2026-03-30
C01127,normal_regular,Normal,0,,
C01128,normal_new_consumer,Normal,0,479.0,2026-04-25
C01129,normal_regular,Normal,0,,
C01130,normal_regular,Normal,0,,
C01131,theft_intermittent,Theft,1,477.0,2026-04-23
C01132,normal_noisy_dupes,Normal,0,,
C01133,comm_long_gap,CommFailure,0,498.0,2026-05-14
C01134,normal_regular,Normal,0,,
C01135,normal_regular,Normal,0,,
C01136,legit_new_load_up,LegitAbnormal,0,430.0,2026-03-07
C01137,theft_step_drop,Theft,1,402.0,2026-02-07
C01138,comm_intermittent,CommFailure,0,418.0,2026-02-23
C01139,legit_vacation,LegitAbnormal,0,458.0,2026-04-04
C01140,legit_extended_absence,LegitAbnormal,0,442.0,2026-03-19
C01141,fault_zero,MeterFault,0,392.0,2026-01-28
C01142,normal_regular,Normal,0,,
C01143,normal_regular,Normal,0,,
C01144,normal_regular,Normal,0,,
C01145,comm_long_gap,CommFailure,0,495.0,2026-05-11
C01146,fault_spikes,MeterFault,0,415.0,2026-02-20
C01147,normal_regular,Normal,0,,
C01148,normal_regular,Normal,0,,
C01149,normal_regular,Normal,0,,
C01150,normal_regular,Normal,0,,
C01151,legit_vacation,LegitAbnormal,0,493.0,2026-05-09
C01152,normal_regular,Normal,0,,
C01153,theft_step_drop,Theft,1,508.0,2026-05-24
C01154,legit_new_load_up,LegitAbnormal,0,509.0,2026-05-25
C01155,normal_regular,Normal,0,,
C01156,normal_regular,Normal,0,,
C01157,legit_vacation,LegitAbnormal,0,459.0,2026-04-05
C01158,fault_spikes,MeterFault,0,475.0,2026-04-21
C01159,theft_near_zero,Theft,1,401.0,2026-02-06
C01160,normal_noisy_dupes,Normal,0,,
C01161,legit_extended_absence,LegitAbnormal,0,431.0,2026-03-08
C01162,legit_solar_efficiency_down,LegitAbnormal,0,413.0,2026-02-18
C01163,fault_zero,MeterFault,0,485.0,2026-05-01
C01164,normal_regular,Normal,0,,
C01165,normal_regular,Normal,0,,
C01166,normal_noisy_dupes,Normal,0,,
C01167,normal_noisy_dupes,Normal,0,,
C01168,normal_new_consumer,Normal,0,470.0,2026-04-16
C01169,comm_long_gap,CommFailure,0,507.0,2026-05-23
C01170,normal_regular,Normal,0,,
C01171,normal_regular,Normal,0,,
C01172,normal_new_consumer,Normal,0,458.0,2026-04-04
C01173,normal_regular,Normal,0,,
C01174,normal_noisy_dupes,Normal,0,,
C01175,normal_noisy_dupes,Normal,0,,
C01176,normal_regular,Normal,0,,
C01177,normal_regular,Normal,0,,
C01178,normal_regular,Normal,0,,
C01179,normal_noisy_dupes,Normal,0,,
C01180,normal_regular,Normal,0,,
C01181,normal_regular,Normal,0,,
C01182,normal_regular,Normal,0,,
C01183,normal_regular,Normal,0,,
C01184,normal_regular,Normal,0,,
C01185,fault_zero,MeterFault,0,457.0,2026-04-03
C01186,normal_regular,Normal,0,,
C01187,normal_regular,Normal,0,,
C01188,normal_regular,Normal,0,,
C01189,normal_regular,Normal,0,,
C01190,normal_regular,Normal,0,,
C01191,fault_stuck,MeterFault,0,507.0,2026-05-23
C01192,comm_long_gap,CommFailure,0,480.0,2026-04-26
C01193,normal_new_consumer,Normal,0,466.0,2026-04-12
C01194,normal_new_consumer,Normal,0,498.0,2026-05-14
C01195,fault_stuck,MeterFault,0,500.0,2026-05-16
C01196,normal_regular,Normal,0,,
C01197,fault_spikes,MeterFault,0,407.0,2026-02-12
C01198,legit_guest_spike,LegitAbnormal,0,518.0,2026-06-03
C01199,comm_long_gap,CommFailure,0,488.0,2026-05-04
C01200,normal_new_consumer,Normal,0,480.0,2026-04-26
C01201,normal_regular,Normal,0,,
C01202,legit_new_load_up,LegitAbnormal,0,379.0,2026-01-15
C01203,theft_intermittent,Theft,1,348.0,2025-12-15
C01204,legit_vacation,LegitAbnormal,0,499.0,2026-05-15
C01205,normal_regular,Normal,0,,
C01206,legit_solar_efficiency_down,LegitAbnormal,0,350.0,2025-12-17
C01207,comm_long_gap,CommFailure,0,481.0,2026-04-27
C01208,normal_regular,Normal,0,,
C01209,legit_vacation,LegitAbnormal,0,506.0,2026-05-22
C01210,theft_gradual,Theft,1,416.0,2026-02-21
C01211,theft_step_drop,Theft,1,388.0,2026-01-24
C01212,normal_regular,Normal,0,,
C01213,normal_regular,Normal,0,,
C01214,normal_new_consumer,Normal,0,472.0,2026-04-18
C01215,normal_regular,Normal,0,,
C01216,legit_new_load_up,LegitAbnormal,0,358.0,2025-12-25
C01217,normal_regular,Normal,0,,
C01218,legit_guest_spike,LegitAbnormal,0,507.0,2026-05-23
C01219,normal_regular,Normal,0,,
C01220,comm_intermittent,CommFailure,0,346.0,2025-12-13
C01221,fault_drift_high,MeterFault,0,395.0,2026-01-31
C01222,normal_regular,Normal,0,,
C01223,comm_long_gap,CommFailure,0,497.0,2026-05-13
C01224,legit_guest_spike,LegitAbnormal,0,533.0,2026-06-18
C01225,theft_near_zero,Theft,1,484.0,2026-04-30
C01226,normal_regular,Normal,0,,
C01227,normal_regular,Normal,0,,
C01228,normal_regular,Normal,0,,
C01229,normal_regular,Normal,0,,
C01230,normal_regular,Normal,0,,
C01231,fault_drift_high,MeterFault,0,458.0,2026-04-04
C01232,normal_regular,Normal,0,,
C01233,normal_regular,Normal,0,,
C01234,normal_regular,Normal,0,,
C01235,normal_regular,Normal,0,,
C01236,legit_extended_absence,LegitAbnormal,0,477.0,2026-04-23
C01237,legit_move_out,LegitAbnormal,0,397.0,2026-02-02
C01238,normal_noisy_dupes,Normal,0,,
C01239,normal_regular,Normal,0,,
C01240,normal_regular,Normal,0,,
C01241,normal_regular,Normal,0,,
C01242,normal_noisy_dupes,Normal,0,,
C01243,normal_regular,Normal,0,,
C01244,theft_peak_bypass,Theft,1,475.0,2026-04-21
C01245,normal_regular,Normal,0,,
C01246,legit_move_out,LegitAbnormal,0,455.0,2026-04-01
C01247,theft_near_zero,Theft,1,479.0,2026-04-25
C01248,normal_regular,Normal,0,,
C01249,normal_regular,Normal,0,,
C01250,normal_regular,Normal,0,,
C01251,normal_regular,Normal,0,,
C01252,legit_guest_spike,LegitAbnormal,0,501.0,2026-05-17
C01253,normal_regular,Normal,0,,
C01254,legit_vacation,LegitAbnormal,0,463.0,2026-04-09
C01255,normal_regular,Normal,0,,
C01256,normal_regular,Normal,0,,
C01257,normal_regular,Normal,0,,
C01258,legit_new_load_up,LegitAbnormal,0,455.0,2026-04-01
C01259,normal_regular,Normal,0,,
C01260,theft_step_drop,Theft,1,461.0,2026-04-07
C01261,normal_new_consumer,Normal,0,452.0,2026-03-29
C01262,normal_regular,Normal,0,,
C01263,legit_solar_efficiency_down,LegitAbnormal,0,397.0,2026-02-02
C01264,normal_noisy_dupes,Normal,0,,
C01265,normal_regular,Normal,0,,
C01266,legit_vacation,LegitAbnormal,0,485.0,2026-05-01
C01267,legit_solar_efficiency_down,LegitAbnormal,0,494.0,2026-05-10
C01268,comm_long_gap,CommFailure,0,470.0,2026-04-16
C01269,normal_regular,Normal,0,,
C01270,normal_noisy_dupes,Normal,0,,
C01271,normal_regular,Normal,0,,
C01272,normal_regular,Normal,0,,
C01273,normal_regular,Normal,0,,
C01274,normal_regular,Normal,0,,
C01275,normal_new_consumer,Normal,0,463.0,2026-04-09
C01276,normal_regular,Normal,0,,
C01277,normal_regular,Normal,0,,
C01278,normal_regular,Normal,0,,
C01279,normal_regular,Normal,0,,
C01280,theft_step_drop,Theft,1,496.0,2026-05-12
C01281,normal_regular,Normal,0,,
C01282,normal_regular,Normal,0,,
C01283,legit_guest_spike,LegitAbnormal,0,495.0,2026-05-11
C01284,legit_vacation,LegitAbnormal,0,444.0,2026-03-21
C01285,normal_regular,Normal,0,,
C01286,comm_intermittent,CommFailure,0,348.0,2025-12-15
C01287,normal_regular,Normal,0,,
C01288,legit_new_load_up,LegitAbnormal,0,488.0,2026-05-04
C01289,normal_regular,Normal,0,,
C01290,normal_regular,Normal,0,,
C01291,normal_regular,Normal,0,,
C01292,normal_regular,Normal,0,,
C01293,legit_guest_spike,LegitAbnormal,0,481.0,2026-04-27
C01294,normal_regular,Normal,0,,
C01295,normal_regular,Normal,0,,
C01296,normal_new_consumer,Normal,0,505.0,2026-05-21
C01297,normal_regular,Normal,0,,
C01298,normal_new_consumer,Normal,0,467.0,2026-04-13
C01299,comm_backfill_lump,CommFailure,0,485.0,2026-05-01
C01300,normal_noisy_dupes,Normal,0,,
C01301,normal_new_consumer,Normal,0,475.0,2026-04-21
C01302,legit_vacation,LegitAbnormal,0,467.0,2026-04-13
C01303,fault_zero,MeterFault,0,469.0,2026-04-15
C01304,normal_regular,Normal,0,,
C01305,comm_intermittent,CommFailure,0,347.0,2025-12-14
C01306,comm_backfill_lump,CommFailure,0,498.0,2026-05-14
C01307,normal_regular,Normal,0,,
C01308,normal_regular,Normal,0,,
C01309,normal_regular,Normal,0,,
C01310,normal_regular,Normal,0,,
C01311,normal_regular,Normal,0,,
C01312,fault_stuck,MeterFault,0,474.0,2026-04-20
C01313,comm_long_gap,CommFailure,0,471.0,2026-04-17
C01314,normal_regular,Normal,0,,
C01315,legit_move_out,LegitAbnormal,0,465.0,2026-04-11
C01316,normal_regular,Normal,0,,
C01317,fault_stuck,MeterFault,0,387.0,2026-01-23
C01318,theft_near_zero,Theft,1,441.0,2026-03-18
C01319,normal_regular,Normal,0,,
C01320,normal_regular,Normal,0,,
C01321,normal_regular,Normal,0,,
C01322,legit_extended_absence,LegitAbnormal,0,479.0,2026-04-25
C01323,normal_regular,Normal,0,,
C01324,comm_intermittent,CommFailure,0,471.0,2026-04-17
C01325,normal_noisy_dupes,Normal,0,,
C01326,normal_new_consumer,Normal,0,463.0,2026-04-09
C01327,normal_new_consumer,Normal,0,465.0,2026-04-11
C01328,legit_vacation,LegitAbnormal,0,493.0,2026-05-09
C01329,legit_vacation,LegitAbnormal,0,455.0,2026-04-01
C01330,legit_vacation,LegitAbnormal,0,513.0,2026-05-29
C01331,normal_regular,Normal,0,,
C01332,normal_noisy_dupes,Normal,0,,
C01333,normal_noisy_dupes,Normal,0,,
C01334,normal_regular,Normal,0,,
C01335,normal_regular,Normal,0,,
C01336,legit_guest_spike,LegitAbnormal,0,513.0,2026-05-29
C01337,theft_step_drop,Theft,1,473.0,2026-04-19
C01338,normal_noisy_dupes,Normal,0,,
C01339,fault_stuck,MeterFault,0,384.0,2026-01-20
C01340,normal_new_consumer,Normal,0,487.0,2026-05-03
C01341,normal_regular,Normal,0,,
C01342,normal_regular,Normal,0,,
C01343,normal_regular,Normal,0,,
C01344,legit_solar_efficiency_down,LegitAbnormal,0,469.0,2026-04-15
C01345,normal_new_consumer,Normal,0,488.0,2026-05-04
C01346,normal_regular,Normal,0,,
C01347,legit_vacation,LegitAbnormal,0,454.0,2026-03-31
C01348,normal_noisy_dupes,Normal,0,,
C01349,normal_regular,Normal,0,,
C01350,normal_regular,Normal,0,,
C01351,normal_regular,Normal,0,,
C01352,normal_regular,Normal,0,,
C01353,legit_move_out,LegitAbnormal,0,421.0,2026-02-26
C01354,legit_solar_efficiency_down,LegitAbnormal,0,428.0,2026-03-05
C01355,comm_intermittent,CommFailure,0,406.0,2026-02-11
C01356,legit_solar_efficiency_down,LegitAbnormal,0,450.0,2026-03-27
C01357,normal_noisy_dupes,Normal,0,,
C01358,theft_near_zero,Theft,1,420.0,2026-02-25
C01359,normal_noisy_dupes,Normal,0,,
C01360,theft_near_zero,Theft,1,504.0,2026-05-20
C01361,theft_intermittent,Theft,1,395.0,2026-01-31
C01362,normal_regular,Normal,0,,
C01363,legit_extended_absence,LegitAbnormal,0,434.0,2026-03-11
C01364,theft_step_drop,Theft,1,418.0,2026-02-23
C01365,normal_regular,Normal,0,,
C01366,normal_regular,Normal,0,,
C01367,normal_regular,Normal,0,,
C01368,normal_regular,Normal,0,,
C01369,normal_regular,Normal,0,,
C01370,normal_noisy_dupes,Normal,0,,
C01371,legit_solar_efficiency_down,LegitAbnormal,0,346.0,2025-12-13
C01372,normal_regular,Normal,0,,
C01373,normal_new_consumer,Normal,0,503.0,2026-05-19
C01374,normal_regular,Normal,0,,
C01375,normal_noisy_dupes,Normal,0,,
C01376,normal_regular,Normal,0,,
C01377,normal_regular,Normal,0,,
C01378,comm_intermittent,CommFailure,0,363.0,2025-12-30
C01379,normal_regular,Normal,0,,
C01380,normal_noisy_dupes,Normal,0,,
C01381,normal_noisy_dupes,Normal,0,,
C01382,normal_regular,Normal,0,,
C01383,normal_noisy_dupes,Normal,0,,
C01384,normal_regular,Normal,0,,
C01385,theft_intermittent,Theft,1,470.0,2026-04-16
C01386,normal_noisy_dupes,Normal,0,,
C01387,fault_drift_low,MeterFault,0,475.0,2026-04-21
C01388,normal_regular,Normal,0,,
C01389,normal_regular,Normal,0,,
C01390,normal_regular,Normal,0,,
C01391,fault_spikes,MeterFault,0,405.0,2026-02-10
C01392,normal_noisy_dupes,Normal,0,,
C01393,normal_regular,Normal,0,,
C01394,normal_regular,Normal,0,,
C01395,fault_zero,MeterFault,0,505.0,2026-05-21
C01396,normal_regular,Normal,0,,
C01397,legit_vacation,LegitAbnormal,0,470.0,2026-04-16
C01398,normal_regular,Normal,0,,
C01399,fault_spikes,MeterFault,0,361.0,2025-12-28
C01400,fault_drift_high,MeterFault,0,399.0,2026-02-04
C01401,normal_regular,Normal,0,,
C01402,fault_zero,MeterFault,0,442.0,2026-03-19
C01403,fault_zero,MeterFault,0,481.0,2026-04-27
C01404,theft_intermittent,Theft,1,336.0,2025-12-03
C01405,normal_regular,Normal,0,,
C01406,theft_near_zero,Theft,1,380.0,2026-01-16
C01407,normal_new_consumer,Normal,0,456.0,2026-04-02
C01408,normal_regular,Normal,0,,
C01409,theft_intermittent,Theft,1,438.0,2026-03-15
C01410,normal_regular,Normal,0,,
C01411,legit_vacation,LegitAbnormal,0,456.0,2026-04-02
C01412,normal_regular,Normal,0,,
C01413,normal_regular,Normal,0,,
C01414,normal_regular,Normal,0,,
C01415,normal_noisy_dupes,Normal,0,,
C01416,normal_regular,Normal,0,,
C01417,normal_regular,Normal,0,,
C01418,legit_move_out,LegitAbnormal,0,509.0,2026-05-25
C01419,normal_regular,Normal,0,,
C01420,normal_noisy_dupes,Normal,0,,
C01421,normal_regular,Normal,0,,
C01422,theft_step_drop,Theft,1,407.0,2026-02-12
C01423,legit_guest_spike,LegitAbnormal,0,447.0,2026-03-24
C01424,normal_noisy_dupes,Normal,0,,
C01425,normal_regular,Normal,0,,
C01426,normal_regular,Normal,0,,
C01427,normal_regular,Normal,0,,
C01428,comm_intermittent,CommFailure,0,367.0,2026-01-03
C01429,normal_regular,Normal,0,,
C01430,normal_regular,Normal,0,,
C01431,normal_regular,Normal,0,,
C01432,normal_regular,Normal,0,,
C01433,theft_peak_bypass,Theft,1,462.0,2026-04-08
C01434,normal_regular,Normal,0,,
C01435,theft_peak_bypass,Theft,1,486.0,2026-05-02
C01436,legit_vacation,LegitAbnormal,0,438.0,2026-03-15
C01437,normal_regular,Normal,0,,
C01438,normal_new_consumer,Normal,0,451.0,2026-03-28
C01439,legit_guest_spike,LegitAbnormal,0,488.0,2026-05-04
C01440,normal_regular,Normal,0,,
C01441,normal_noisy_dupes,Normal,0,,
C01442,normal_new_consumer,Normal,0,456.0,2026-04-02
C01443,normal_noisy_dupes,Normal,0,,
C01444,normal_regular,Normal,0,,
C01445,legit_guest_spike,LegitAbnormal,0,482.0,2026-04-28
C01446,normal_regular,Normal,0,,
C01447,theft_peak_bypass,Theft,1,378.0,2026-01-14
C01448,normal_regular,Normal,0,,
C01449,normal_regular,Normal,0,,
C01450,normal_regular,Normal,0,,
C01451,normal_regular,Normal,0,,
C01452,theft_gradual,Theft,1,439.0,2026-03-16
C01453,fault_stuck,MeterFault,0,484.0,2026-04-30
C01454,legit_extended_absence,LegitAbnormal,0,439.0,2026-03-16
C01455,normal_regular,Normal,0,,
C01456,normal_regular,Normal,0,,
C01457,normal_noisy_dupes,Normal,0,,
C01458,normal_regular,Normal,0,,
C01459,normal_regular,Normal,0,,
C01460,legit_vacation,LegitAbnormal,0,501.0,2026-05-17
C01461,normal_regular,Normal,0,,
C01462,normal_regular,Normal,0,,
C01463,normal_regular,Normal,0,,
C01464,normal_regular,Normal,0,,
C01465,normal_regular,Normal,0,,
C01466,normal_regular,Normal,0,,
C01467,legit_solar_efficiency_down,LegitAbnormal,0,363.0,2025-12-30
C01468,normal_regular,Normal,0,,
C01469,comm_long_gap,CommFailure,0,470.0,2026-04-16
C01470,normal_noisy_dupes,Normal,0,,
C01471,normal_noisy_dupes,Normal,0,,
C01472,comm_backfill_lump,CommFailure,0,483.0,2026-04-29
C01473,normal_regular,Normal,0,,
C01474,normal_regular,Normal,0,,
C01475,legit_move_out,LegitAbnormal,0,425.0,2026-03-02
C01476,normal_regular,Normal,0,,
C01477,normal_regular,Normal,0,,
C01478,legit_vacation,LegitAbnormal,0,429.0,2026-03-06
C01479,normal_regular,Normal,0,,
C01480,theft_gradual,Theft,1,410.0,2026-02-15
C01481,normal_regular,Normal,0,,
C01482,normal_regular,Normal,0,,
C01483,normal_regular,Normal,0,,
C01484,fault_drift_low,MeterFault,0,416.0,2026-02-21
C01485,theft_step_drop,Theft,1,479.0,2026-04-25
C01486,normal_regular,Normal,0,,
C01487,normal_regular,Normal,0,,
C01488,normal_regular,Normal,0,,
C01489,comm_intermittent,CommFailure,0,479.0,2026-04-25
C01490,normal_regular,Normal,0,,
C01491,theft_near_zero,Theft,1,473.0,2026-04-19
C01492,normal_new_consumer,Normal,0,499.0,2026-05-15
C01493,comm_backfill_lump,CommFailure,0,429.0,2026-03-06
C01494,fault_drift_low,MeterFault,0,473.0,2026-04-19
C01495,normal_noisy_dupes,Normal,0,,
C01496,normal_regular,Normal,0,,
C01497,legit_solar_efficiency_down,LegitAbnormal,0,489.0,2026-05-05
C01498,normal_new_consumer,Normal,0,490.0,2026-05-06
C01499,normal_noisy_dupes,Normal,0,,
C01500,theft_step_drop,Theft,1,420.0,2026-02-25
C01501,theft_peak_bypass,Theft,1,441.0,2026-03-18
C01502,normal_noisy_dupes,Normal,0,,
C01503,normal_new_consumer,Normal,0,496.0,2026-05-12
C01504,legit_extended_absence,LegitAbnormal,0,479.0,2026-04-25
C01505,normal_regular,Normal,0,,
C01506,normal_noisy_dupes,Normal,0,,
C01507,normal_regular,Normal,0,,
C01508,theft_gradual,Theft,1,437.0,2026-03-14
C01509,theft_peak_bypass,Theft,1,458.0,2026-04-04
C01510,normal_regular,Normal,0,,
C01511,normal_regular,Normal,0,,
C01512,normal_regular,Normal,0,,
C01513,normal_new_consumer,Normal,0,501.0,2026-05-17
C01514,theft_step_drop,Theft,1,465.0,2026-04-11
C01515,normal_regular,Normal,0,,
C01516,normal_regular,Normal,0,,
C01517,legit_solar_efficiency_down,LegitAbnormal,0,379.0,2026-01-15
C01518,normal_regular,Normal,0,,
C01519,normal_regular,Normal,0,,
C01520,theft_intermittent,Theft,1,392.0,2026-01-28
C01521,normal_regular,Normal,0,,
C01522,comm_intermittent,CommFailure,0,380.0,2026-01-16
C01523,normal_noisy_dupes,Normal,0,,
C01524,normal_regular,Normal,0,,
C01525,normal_regular,Normal,0,,
C01526,normal_regular,Normal,0,,
C01527,legit_extended_absence,LegitAbnormal,0,429.0,2026-03-06
C01528,legit_vacation,LegitAbnormal,0,458.0,2026-04-04
C01529,theft_step_drop,Theft,1,402.0,2026-02-07
C01530,fault_stuck,MeterFault,0,507.0,2026-05-23
C01531,legit_solar_efficiency_down,LegitAbnormal,0,368.0,2026-01-04
C01532,normal_regular,Normal,0,,
C01533,legit_extended_absence,LegitAbnormal,0,437.0,2026-03-14
C01534,normal_regular,Normal,0,,
C01535,comm_intermittent,CommFailure,0,416.0,2026-02-21
C01536,legit_new_load_up,LegitAbnormal,0,476.0,2026-04-22
C01537,legit_vacation,LegitAbnormal,0,497.0,2026-05-13
C01538,normal_regular,Normal,0,,
C01539,normal_regular,Normal,0,,
C01540,comm_intermittent,CommFailure,0,364.0,2025-12-31
C01541,legit_extended_absence,LegitAbnormal,0,435.0,2026-03-12
C01542,normal_noisy_dupes,Normal,0,,
C01543,theft_peak_bypass,Theft,1,421.0,2026-02-26
C01544,comm_backfill_lump,CommFailure,0,431.0,2026-03-08
C01545,normal_regular,Normal,0,,
C01546,comm_long_gap,CommFailure,0,475.0,2026-04-21
C01547,normal_new_consumer,Normal,0,490.0,2026-05-06
C01548,normal_new_consumer,Normal,0,475.0,2026-04-21
C01549,normal_regular,Normal,0,,
C01550,comm_intermittent,CommFailure,0,465.0,2026-04-11
C01551,normal_regular,Normal,0,,
C01552,normal_regular,Normal,0,,
C01553,theft_gradual,Theft,1,348.0,2025-12-15
C01554,normal_regular,Normal,0,,
C01555,normal_new_consumer,Normal,0,466.0,2026-04-12
C01556,comm_intermittent,CommFailure,0,379.0,2026-01-15
C01557,normal_noisy_dupes,Normal,0,,
C01558,normal_new_consumer,Normal,0,486.0,2026-05-02
C01559,normal_regular,Normal,0,,
C01560,normal_regular,Normal,0,,
C01561,theft_step_drop,Theft,1,357.0,2025-12-24
C01562,fault_zero,MeterFault,0,387.0,2026-01-23
C01563,normal_noisy_dupes,Normal,0,,
C01564,normal_regular,Normal,0,,
C01565,normal_regular,Normal,0,,
C01566,legit_guest_spike,LegitAbnormal,0,528.0,2026-06-13
C01567,legit_solar_efficiency_down,LegitAbnormal,0,452.0,2026-03-29
C01568,comm_backfill_lump,CommFailure,0,480.0,2026-04-26
C01569,legit_move_out,LegitAbnormal,0,412.0,2026-02-17
C01570,legit_vacation,LegitAbnormal,0,422.0,2026-02-27
C01571,normal_regular,Normal,0,,
C01572,fault_drift_low,MeterFault,0,466.0,2026-04-12
C01573,normal_regular,Normal,0,,
C01574,fault_spikes,MeterFault,0,417.0,2026-02-22
C01575,normal_noisy_dupes,Normal,0,,
C01576,normal_noisy_dupes,Normal,0,,
C01577,normal_regular,Normal,0,,
C01578,comm_intermittent,CommFailure,0,356.0,2025-12-23
C01579,comm_long_gap,CommFailure,0,506.0,2026-05-22
C01580,legit_solar_efficiency_down,LegitAbnormal,0,453.0,2026-03-30
C01581,comm_long_gap,CommFailure,0,495.0,2026-05-11
C01582,normal_regular,Normal,0,,
C01583,legit_vacation,LegitAbnormal,0,485.0,2026-05-01
C01584,legit_new_load_up,LegitAbnormal,0,497.0,2026-05-13
C01585,normal_regular,Normal,0,,
C01586,normal_noisy_dupes,Normal,0,,
C01587,comm_backfill_lump,CommFailure,0,439.0,2026-03-16
C01588,legit_solar_efficiency_down,LegitAbnormal,0,409.0,2026-02-14
C01589,legit_solar_efficiency_down,LegitAbnormal,0,495.0,2026-05-11
C01590,normal_regular,Normal,0,,
C01591,normal_regular,Normal,0,,
C01592,normal_regular,Normal,0,,
C01593,normal_regular,Normal,0,,
C01594,normal_regular,Normal,0,,
C01595,normal_regular,Normal,0,,
C01596,legit_extended_absence,LegitAbnormal,0,488.0,2026-05-04
C01597,legit_new_load_up,LegitAbnormal,0,363.0,2025-12-30
C01598,legit_vacation,LegitAbnormal,0,488.0,2026-05-04
C01599,fault_stuck,MeterFault,0,442.0,2026-03-19
C01600,normal_regular,Normal,0,,
C01601,normal_regular,Normal,0,,
C01602,normal_regular,Normal,0,,
C01603,legit_extended_absence,LegitAbnormal,0,439.0,2026-03-16
C01604,normal_regular,Normal,0,,
C01605,normal_regular,Normal,0,,
C01606,normal_regular,Normal,0,,
C01607,normal_regular,Normal,0,,
C01608,normal_new_consumer,Normal,0,493.0,2026-05-09
C01609,normal_new_consumer,Normal,0,463.0,2026-04-09
C01610,legit_move_out,LegitAbnormal,0,427.0,2026-03-04
C01611,normal_regular,Normal,0,,
C01612,comm_long_gap,CommFailure,0,505.0,2026-05-21
C01613,normal_regular,Normal,0,,
C01614,normal_regular,Normal,0,,
C01615,comm_backfill_lump,CommFailure,0,452.0,2026-03-29
C01616,normal_regular,Normal,0,,
C01617,normal_new_consumer,Normal,0,477.0,2026-04-23
C01618,comm_long_gap,CommFailure,0,502.0,2026-05-18
C01619,normal_regular,Normal,0,,
C01620,normal_regular,Normal,0,,
C01621,legit_vacation,LegitAbnormal,0,487.0,2026-05-03
C01622,normal_noisy_dupes,Normal,0,,
C01623,normal_new_consumer,Normal,0,485.0,2026-05-01
C01624,normal_regular,Normal,0,,
C01625,normal_regular,Normal,0,,
C01626,normal_regular,Normal,0,,
C01627,comm_long_gap,CommFailure,0,467.0,2026-04-13
C01628,normal_regular,Normal,0,,
C01629,normal_regular,Normal,0,,
C01630,normal_regular,Normal,0,,
C01631,normal_regular,Normal,0,,
C01632,comm_backfill_lump,CommFailure,0,482.0,2026-04-28
C01633,normal_regular,Normal,0,,
C01634,normal_regular,Normal,0,,
C01635,theft_peak_bypass,Theft,1,430.0,2026-03-07
C01636,normal_regular,Normal,0,,
C01637,normal_new_consumer,Normal,0,496.0,2026-05-12
C01638,normal_regular,Normal,0,,
C01639,normal_regular,Normal,0,,
C01640,theft_peak_bypass,Theft,1,447.0,2026-03-24
C01641,normal_regular,Normal,0,,
C01642,normal_regular,Normal,0,,
C01643,legit_vacation,LegitAbnormal,0,435.0,2026-03-12
C01644,normal_regular,Normal,0,,
C01645,normal_regular,Normal,0,,
C01646,legit_new_load_up,LegitAbnormal,0,508.0,2026-05-24
C01647,comm_long_gap,CommFailure,0,477.0,2026-04-23
C01648,comm_intermittent,CommFailure,0,377.0,2026-01-13
C01649,normal_regular,Normal,0,,
C01650,legit_guest_spike,LegitAbnormal,0,486.0,2026-05-02
C01651,fault_drift_low,MeterFault,0,398.0,2026-02-03
C01652,legit_vacation,LegitAbnormal,0,473.0,2026-04-19
C01653,legit_new_load_up,LegitAbnormal,0,386.0,2026-01-22
C01654,normal_new_consumer,Normal,0,498.0,2026-05-14
C01655,normal_regular,Normal,0,,
C01656,normal_regular,Normal,0,,
C01657,theft_intermittent,Theft,1,466.0,2026-04-12
C01658,normal_regular,Normal,0,,
C01659,fault_drift_low,MeterFault,0,362.0,2025-12-29
C01660,normal_noisy_dupes,Normal,0,,
C01661,normal_regular,Normal,0,,
C01662,theft_near_zero,Theft,1,499.0,2026-05-15
C01663,normal_regular,Normal,0,,
C01664,normal_regular,Normal,0,,
C01665,normal_new_consumer,Normal,0,455.0,2026-04-01
C01666,normal_regular,Normal,0,,
C01667,comm_long_gap,CommFailure,0,479.0,2026-04-25
C01668,normal_noisy_dupes,Normal,0,,
C01669,legit_new_load_up,LegitAbnormal,0,509.0,2026-05-25
C01670,normal_noisy_dupes,Normal,0,,
C01671,normal_regular,Normal,0,,
C01672,fault_spikes,MeterFault,0,351.0,2025-12-18
C01673,normal_regular,Normal,0,,
C01674,normal_regular,Normal,0,,
C01675,normal_regular,Normal,0,,
C01676,normal_regular,Normal,0,,
C01677,normal_regular,Normal,0,,
C01678,normal_regular,Normal,0,,
C01679,comm_intermittent,CommFailure,0,416.0,2026-02-21
C01680,normal_noisy_dupes,Normal,0,,
C01681,legit_guest_spike,LegitAbnormal,0,506.0,2026-05-22
C01682,legit_vacation,LegitAbnormal,0,448.0,2026-03-25
C01683,normal_regular,Normal,0,,
C01684,normal_noisy_dupes,Normal,0,,
C01685,legit_guest_spike,LegitAbnormal,0,504.0,2026-05-20
C01686,comm_intermittent,CommFailure,0,379.0,2026-01-15
C01687,normal_regular,Normal,0,,
C01688,normal_regular,Normal,0,,
C01689,normal_regular,Normal,0,,
C01690,normal_regular,Normal,0,,
C01691,normal_regular,Normal,0,,
C01692,normal_regular,Normal,0,,
C01693,normal_new_consumer,Normal,0,451.0,2026-03-28
C01694,normal_regular,Normal,0,,
C01695,comm_intermittent,CommFailure,0,473.0,2026-04-19
C01696,normal_regular,Normal,0,,
C01697,theft_gradual,Theft,1,360.0,2025-12-27
C01698,legit_solar_efficiency_down,LegitAbnormal,0,509.0,2026-05-25
C01699,normal_noisy_dupes,Normal,0,,
C01700,normal_regular,Normal,0,,
C01701,legit_solar_efficiency_down,LegitAbnormal,0,411.0,2026-02-16
C01702,normal_regular,Normal,0,,
C01703,normal_regular,Normal,0,,
C01704,normal_new_consumer,Normal,0,464.0,2026-04-10
C01705,normal_regular,Normal,0,,
C01706,theft_step_drop,Theft,1,481.0,2026-04-27
C01707,normal_new_consumer,Normal,0,457.0,2026-04-03
C01708,fault_drift_low,MeterFault,0,397.0,2026-02-02
C01709,comm_intermittent,CommFailure,0,387.0,2026-01-23
C01710,legit_guest_spike,LegitAbnormal,0,445.0,2026-03-22
C01711,normal_regular,Normal,0,,
C01712,normal_regular,Normal,0,,
C01713,legit_solar_efficiency_down,LegitAbnormal,0,386.0,2026-01-22
C01714,comm_long_gap,CommFailure,0,508.0,2026-05-24
C01715,normal_regular,Normal,0,,
C01716,theft_intermittent,Theft,1,399.0,2026-02-04
C01717,normal_new_consumer,Normal,0,453.0,2026-03-30
C01718,normal_noisy_dupes,Normal,0,,
C01719,comm_backfill_lump,CommFailure,0,499.0,2026-05-15
C01720,theft_gradual,Theft,1,429.0,2026-03-06
C01721,legit_guest_spike,LegitAbnormal,0,471.0,2026-04-17
C01722,comm_backfill_lump,CommFailure,0,442.0,2026-03-19
C01723,normal_regular,Normal,0,,
C01724,normal_noisy_dupes,Normal,0,,
C01725,normal_new_consumer,Normal,0,496.0,2026-05-12
C01726,normal_regular,Normal,0,,
C01727,normal_new_consumer,Normal,0,466.0,2026-04-12
C01728,normal_regular,Normal,0,,
C01729,normal_regular,Normal,0,,
C01730,comm_backfill_lump,CommFailure,0,505.0,2026-05-21
C01731,normal_regular,Normal,0,,
C01732,theft_gradual,Theft,1,326.0,2025-11-23
C01733,comm_backfill_lump,CommFailure,0,486.0,2026-05-02
C01734,fault_drift_high,MeterFault,0,447.0,2026-03-24
C01735,normal_noisy_dupes,Normal,0,,
C01736,normal_regular,Normal,0,,
C01737,fault_drift_low,MeterFault,0,395.0,2026-01-31
C01738,normal_regular,Normal,0,,
C01739,normal_regular,Normal,0,,
C01740,theft_near_zero,Theft,1,405.0,2026-02-10
C01741,normal_new_consumer,Normal,0,478.0,2026-04-24
C01742,normal_regular,Normal,0,,
C01743,normal_noisy_dupes,Normal,0,,
C01744,normal_new_consumer,Normal,0,501.0,2026-05-17
C01745,normal_regular,Normal,0,,
C01746,normal_regular,Normal,0,,
C01747,theft_peak_bypass,Theft,1,363.0,2025-12-30
C01748,normal_regular,Normal,0,,
C01749,legit_vacation,LegitAbnormal,0,490.0,2026-05-06
C01750,normal_regular,Normal,0,,
C01751,normal_noisy_dupes,Normal,0,,
C01752,normal_noisy_dupes,Normal,0,,
C01753,theft_step_drop,Theft,1,380.0,2026-01-16
C01754,fault_drift_low,MeterFault,0,338.0,2025-12-05
C01755,normal_noisy_dupes,Normal,0,,
C01756,theft_step_drop,Theft,1,429.0,2026-03-06
C01757,normal_regular,Normal,0,,
C01758,normal_regular,Normal,0,,
C01759,normal_regular,Normal,0,,
C01760,normal_regular,Normal,0,,
C01761,normal_regular,Normal,0,,
C01762,normal_regular,Normal,0,,
C01763,normal_regular,Normal,0,,
C01764,fault_stuck,MeterFault,0,435.0,2026-03-12
C01765,normal_regular,Normal,0,,
C01766,normal_new_consumer,Normal,0,462.0,2026-04-08
C01767,normal_noisy_dupes,Normal,0,,
C01768,normal_regular,Normal,0,,
C01769,normal_new_consumer,Normal,0,457.0,2026-04-03
C01770,normal_regular,Normal,0,,
C01771,normal_regular,Normal,0,,
C01772,normal_regular,Normal,0,,
C01773,theft_step_drop,Theft,1,485.0,2026-05-01
C01774,legit_vacation,LegitAbnormal,0,516.0,2026-06-01
C01775,fault_spikes,MeterFault,0,412.0,2026-02-17
C01776,normal_regular,Normal,0,,
C01777,normal_regular,Normal,0,,
C01778,normal_regular,Normal,0,,
C01779,fault_stuck,MeterFault,0,450.0,2026-03-27
C01780,normal_regular,Normal,0,,
C01781,normal_regular,Normal,0,,
C01782,comm_intermittent,CommFailure,0,341.0,2025-12-08
C01783,comm_intermittent,CommFailure,0,399.0,2026-02-04
C01784,normal_regular,Normal,0,,
C01785,normal_noisy_dupes,Normal,0,,
C01786,legit_new_load_up,LegitAbnormal,0,460.0,2026-04-06
C01787,normal_regular,Normal,0,,
C01788,legit_vacation,LegitAbnormal,0,447.0,2026-03-24
C01789,legit_solar_efficiency_down,LegitAbnormal,0,390.0,2026-01-26
C01790,normal_regular,Normal,0,,
C01791,normal_regular,Normal,0,,
C01792,legit_guest_spike,LegitAbnormal,0,460.0,2026-04-06
C01793,normal_regular,Normal,0,,
C01794,normal_regular,Normal,0,,
C01795,normal_regular,Normal,0,,
C01796,normal_regular,Normal,0,,
C01797,comm_backfill_lump,CommFailure,0,486.0,2026-05-02
C01798,theft_near_zero,Theft,1,480.0,2026-04-26
C01799,normal_regular,Normal,0,,
C01800,normal_regular,Normal,0,,
C01801,normal_regular,Normal,0,,
C01802,normal_regular,Normal,0,,
C01803,normal_regular,Normal,0,,
C01804,normal_regular,Normal,0,,
C01805,normal_new_consumer,Normal,0,463.0,2026-04-09
C01806,fault_spikes,MeterFault,0,452.0,2026-03-29
C01807,normal_new_consumer,Normal,0,468.0,2026-04-14
C01808,legit_solar_efficiency_down,LegitAbnormal,0,349.0,2025-12-16
C01809,normal_regular,Normal,0,,
C01810,normal_regular,Normal,0,,
C01811,normal_regular,Normal,0,,
C01812,legit_vacation,LegitAbnormal,0,519.0,2026-06-04
C01813,theft_step_drop,Theft,1,410.0,2026-02-15
C01814,fault_stuck,MeterFault,0,500.0,2026-05-16
C01815,normal_regular,Normal,0,,
C01816,fault_stuck,MeterFault,0,426.0,2026-03-03
C01817,normal_regular,Normal,0,,
C01818,normal_regular,Normal,0,,
C01819,theft_gradual,Theft,1,443.0,2026-03-20
C01820,theft_near_zero,Theft,1,507.0,2026-05-23
C01821,normal_regular,Normal,0,,
C01822,theft_gradual,Theft,1,401.0,2026-02-06
C01823,theft_near_zero,Theft,1,503.0,2026-05-19
C01824,legit_extended_absence,LegitAbnormal,0,479.0,2026-04-25
C01825,normal_regular,Normal,0,,
C01826,normal_regular,Normal,0,,
C01827,normal_regular,Normal,0,,
C01828,fault_stuck,MeterFault,0,495.0,2026-05-11
C01829,normal_regular,Normal,0,,
C01830,normal_new_consumer,Normal,0,498.0,2026-05-14
C01831,normal_new_consumer,Normal,0,504.0,2026-05-20
C01832,normal_regular,Normal,0,,
C01833,fault_spikes,MeterFault,0,380.0,2026-01-16
C01834,normal_regular,Normal,0,,
C01835,normal_regular,Normal,0,,
C01836,theft_near_zero,Theft,1,444.0,2026-03-21
C01837,legit_guest_spike,LegitAbnormal,0,488.0,2026-05-04
C01838,normal_regular,Normal,0,,
C01839,normal_regular,Normal,0,,
C01840,normal_regular,Normal,0,,
C01841,normal_regular,Normal,0,,
C01842,comm_intermittent,CommFailure,0,426.0,2026-03-03
C01843,normal_regular,Normal,0,,
C01844,comm_backfill_lump,CommFailure,0,484.0,2026-04-30
C01845,comm_long_gap,CommFailure,0,501.0,2026-05-17
C01846,comm_long_gap,CommFailure,0,494.0,2026-05-10
C01847,legit_extended_absence,LegitAbnormal,0,456.0,2026-04-02
C01848,normal_regular,Normal,0,,
C01849,normal_regular,Normal,0,,
C01850,fault_stuck,MeterFault,0,407.0,2026-02-12
C01851,normal_regular,Normal,0,,
C01852,normal_noisy_dupes,Normal,0,,
C01853,comm_backfill_lump,CommFailure,0,455.0,2026-04-01
C01854,normal_regular,Normal,0,,
C01855,normal_regular,Normal,0,,
C01856,theft_gradual,Theft,1,388.0,2026-01-24
C01857,comm_intermittent,CommFailure,0,432.0,2026-03-09
C01858,normal_new_consumer,Normal,0,468.0,2026-04-14
C01859,normal_regular,Normal,0,,
C01860,normal_new_consumer,Normal,0,468.0,2026-04-14
C01861,normal_regular,Normal,0,,
C01862,legit_new_load_up,LegitAbnormal,0,477.0,2026-04-23
C01863,theft_step_drop,Theft,1,409.0,2026-02-14
C01864,normal_regular,Normal,0,,
C01865,normal_regular,Normal,0,,
C01866,legit_extended_absence,LegitAbnormal,0,488.0,2026-05-04
C01867,normal_regular,Normal,0,,
C01868,normal_regular,Normal,0,,
C01869,normal_regular,Normal,0,,
C01870,normal_new_consumer,Normal,0,462.0,2026-04-08
C01871,legit_solar_efficiency_down,LegitAbnormal,0,474.0,2026-04-20
C01872,normal_regular,Normal,0,,
C01873,normal_noisy_dupes,Normal,0,,
C01874,normal_regular,Normal,0,,
C01875,normal_regular,Normal,0,,
C01876,comm_backfill_lump,CommFailure,0,496.0,2026-05-12
C01877,legit_guest_spike,LegitAbnormal,0,485.0,2026-05-01
C01878,normal_noisy_dupes,Normal,0,,
C01879,normal_regular,Normal,0,,
C01880,normal_regular,Normal,0,,
C01881,normal_regular,Normal,0,,
C01882,normal_regular,Normal,0,,
C01883,normal_regular,Normal,0,,
C01884,normal_regular,Normal,0,,
C01885,legit_extended_absence,LegitAbnormal,0,465.0,2026-04-11
C01886,normal_regular,Normal,0,,
C01887,normal_noisy_dupes,Normal,0,,
C01888,normal_regular,Normal,0,,
C01889,normal_regular,Normal,0,,
C01890,legit_vacation,LegitAbnormal,0,495.0,2026-05-11
C01891,legit_new_load_up,LegitAbnormal,0,392.0,2026-01-28
C01892,normal_regular,Normal,0,,
C01893,normal_noisy_dupes,Normal,0,,
C01894,normal_regular,Normal,0,,
C01895,normal_regular,Normal,0,,
C01896,normal_regular,Normal,0,,
C01897,normal_noisy_dupes,Normal,0,,
C01898,legit_extended_absence,LegitAbnormal,0,443.0,2026-03-20
C01899,normal_regular,Normal,0,,
C01900,legit_solar_efficiency_down,LegitAbnormal,0,509.0,2026-05-25
C01901,normal_new_consumer,Normal,0,504.0,2026-05-20
C01902,normal_regular,Normal,0,,
C01903,normal_regular,Normal,0,,
C01904,normal_regular,Normal,0,,
C01905,legit_vacation,LegitAbnormal,0,444.0,2026-03-21
C01906,normal_noisy_dupes,Normal,0,,
C01907,normal_noisy_dupes,Normal,0,,
C01908,normal_noisy_dupes,Normal,0,,
C01909,normal_regular,Normal,0,,
C01910,normal_regular,Normal,0,,
C01911,normal_regular,Normal,0,,
C01912,legit_guest_spike,LegitAbnormal,0,528.0,2026-06-13
C01913,normal_noisy_dupes,Normal,0,,
C01914,legit_solar_efficiency_down,LegitAbnormal,0,500.0,2026-05-16
C01915,normal_regular,Normal,0,,
C01916,normal_regular,Normal,0,,
C01917,normal_regular,Normal,0,,
C01918,normal_regular,Normal,0,,
C01919,normal_regular,Normal,0,,
C01920,normal_regular,Normal,0,,
C01921,normal_regular,Normal,0,,
C01922,normal_regular,Normal,0,,
C01923,normal_regular,Normal,0,,
C01924,normal_regular,Normal,0,,
C01925,normal_regular,Normal,0,,
C01926,fault_zero,MeterFault,0,400.0,2026-02-05
C01927,normal_regular,Normal,0,,
C01928,normal_regular,Normal,0,,
C01929,normal_regular,Normal,0,,
C01930,theft_intermittent,Theft,1,421.0,2026-02-26
C01931,comm_backfill_lump,CommFailure,0,447.0,2026-03-24
C01932,normal_noisy_dupes,Normal,0,,
C01933,legit_vacation,LegitAbnormal,0,434.0,2026-03-11
C01934,comm_intermittent,CommFailure,0,424.0,2026-03-01
C01935,normal_regular,Normal,0,,
C01936,theft_near_zero,Theft,1,473.0,2026-04-19
C01937,normal_regular,Normal,0,,
C01938,theft_peak_bypass,Theft,1,419.0,2026-02-24
C01939,comm_intermittent,CommFailure,0,431.0,2026-03-08
C01940,normal_regular,Normal,0,,
C01941,theft_peak_bypass,Theft,1,398.0,2026-02-03
C01942,comm_long_gap,CommFailure,0,478.0,2026-04-24
C01943,fault_spikes,MeterFault,0,442.0,2026-03-19
C01944,legit_move_out,LegitAbnormal,0,447.0,2026-03-24
C01945,normal_new_consumer,Normal,0,457.0,2026-04-03
C01946,normal_new_consumer,Normal,0,503.0,2026-05-19
C01947,normal_noisy_dupes,Normal,0,,
C01948,normal_regular,Normal,0,,
C01949,normal_regular,Normal,0,,
C01950,fault_drift_low,MeterFault,0,450.0,2026-03-27
C01951,normal_regular,Normal,0,,
C01952,comm_long_gap,CommFailure,0,514.0,2026-05-30
C01953,theft_near_zero,Theft,1,454.0,2026-03-31
C01954,normal_regular,Normal,0,,
C01955,theft_gradual,Theft,1,337.0,2025-12-04
C01956,theft_gradual,Theft,1,326.0,2025-11-23
C01957,normal_regular,Normal,0,,
C01958,normal_regular,Normal,0,,
C01959,normal_regular,Normal,0,,
C01960,normal_noisy_dupes,Normal,0,,
C01961,normal_regular,Normal,0,,
C01962,normal_regular,Normal,0,,
C01963,normal_new_consumer,Normal,0,494.0,2026-05-10
C01964,theft_peak_bypass,Theft,1,496.0,2026-05-12
C01965,comm_long_gap,CommFailure,0,494.0,2026-05-10
C01966,normal_regular,Normal,0,,
C01967,normal_noisy_dupes,Normal,0,,
C01968,normal_regular,Normal,0,,
C01969,theft_gradual,Theft,1,371.0,2026-01-07
C01970,normal_regular,Normal,0,,
C01971,theft_near_zero,Theft,1,455.0,2026-04-01
C01972,normal_regular,Normal,0,,
C01973,normal_regular,Normal,0,,
C01974,legit_vacation,LegitAbnormal,0,433.0,2026-03-10
C01975,theft_intermittent,Theft,1,338.0,2025-12-05
C01976,normal_regular,Normal,0,,
C01977,normal_new_consumer,Normal,0,476.0,2026-04-22
C01978,normal_regular,Normal,0,,
C01979,legit_solar_efficiency_down,LegitAbnormal,0,421.0,2026-02-26
C01980,normal_regular,Normal,0,,
C01981,normal_noisy_dupes,Normal,0,,
C01982,comm_backfill_lump,CommFailure,0,438.0,2026-03-15
C01983,fault_drift_high,MeterFault,0,415.0,2026-02-20
C01984,normal_regular,Normal,0,,
C01985,comm_backfill_lump,CommFailure,0,473.0,2026-04-19
C01986,fault_stuck,MeterFault,0,506.0,2026-05-22
C01987,theft_peak_bypass,Theft,1,350.0,2025-12-17
C01988,comm_intermittent,CommFailure,0,341.0,2025-12-08
C01989,fault_stuck,MeterFault,0,483.0,2026-04-29
C01990,legit_guest_spike,LegitAbnormal,0,462.0,2026-04-08
C01991,normal_regular,Normal,0,,
C01992,normal_regular,Normal,0,,
C01993,comm_long_gap,CommFailure,0,503.0,2026-05-19
C01994,normal_noisy_dupes,Normal,0,,
C01995,normal_new_consumer,Normal,0,470.0,2026-04-16
C01996,fault_spikes,MeterFault,0,395.0,2026-01-31
C01997,theft_step_drop,Theft,1,509.0,2026-05-25
C01998,normal_noisy_dupes,Normal,0,,
C01999,normal_noisy_dupes,Normal,0,,
C02000,normal_regular,Normal,0,,
C02001,normal_noisy_dupes,Normal,0,,
C02002,normal_new_consumer,Normal,0,457.0,2026-04-03
C02003,normal_regular,Normal,0,,
C02004,normal_regular,Normal,0,,
C02005,normal_regular,Normal,0,,
C02006,normal_new_consumer,Normal,0,502.0,2026-05-18
C02007,normal_regular,Normal,0,,
C02008,normal_noisy_dupes,Normal,0,,
C02009,legit_solar_efficiency_down,LegitAbnormal,0,350.0,2025-12-17
C02010,legit_guest_spike,LegitAbnormal,0,517.0,2026-06-02
C02011,normal_new_consumer,Normal,0,485.0,2026-05-01
C02012,comm_long_gap,CommFailure,0,493.0,2026-05-09
C02013,normal_regular,Normal,0,,
C02014,normal_regular,Normal,0,,
C02015,normal_regular,Normal,0,,
C02016,normal_regular,Normal,0,,
C02017,legit_vacation,LegitAbnormal,0,474.0,2026-04-20
C02018,normal_regular,Normal,0,,
C02019,legit_solar_efficiency_down,LegitAbnormal,0,503.0,2026-05-19
C02020,comm_backfill_lump,CommFailure,0,430.0,2026-03-07
C02021,legit_new_load_up,LegitAbnormal,0,347.0,2025-12-14
C02022,normal_regular,Normal,0,,
C02023,normal_regular,Normal,0,,
C02024,normal_regular,Normal,0,,
C02025,theft_peak_bypass,Theft,1,468.0,2026-04-14
C02026,normal_noisy_dupes,Normal,0,,
C02027,normal_regular,Normal,0,,
C02028,normal_regular,Normal,0,,
C02029,normal_regular,Normal,0,,
C02030,normal_regular,Normal,0,,
C02031,normal_regular,Normal,0,,
C02032,fault_zero,MeterFault,0,469.0,2026-04-15
C02033,normal_noisy_dupes,Normal,0,,
C02034,normal_regular,Normal,0,,
C02035,theft_step_drop,Theft,1,410.0,2026-02-15
C02036,legit_solar_efficiency_down,LegitAbnormal,0,507.0,2026-05-23
C02037,normal_regular,Normal,0,,
C02038,normal_regular,Normal,0,,
C02039,normal_new_consumer,Normal,0,451.0,2026-03-28
C02040,theft_step_drop,Theft,1,377.0,2026-01-13
C02041,comm_backfill_lump,CommFailure,0,446.0,2026-03-23
C02042,fault_drift_low,MeterFault,0,375.0,2026-01-11
C02043,legit_solar_efficiency_down,LegitAbnormal,0,397.0,2026-02-02
C02044,normal_regular,Normal,0,,
C02045,legit_solar_efficiency_down,LegitAbnormal,0,355.0,2025-12-22
C02046,normal_regular,Normal,0,,
C02047,comm_long_gap,CommFailure,0,469.0,2026-04-15
C02048,theft_gradual,Theft,1,355.0,2025-12-22
C02049,normal_regular,Normal,0,,
C02050,legit_solar_efficiency_down,LegitAbnormal,0,370.0,2026-01-06
C02051,fault_spikes,MeterFault,0,389.0,2026-01-25
C02052,normal_regular,Normal,0,,
C02053,normal_regular,Normal,0,,
C02054,normal_regular,Normal,0,,
C02055,normal_regular,Normal,0,,
C02056,normal_regular,Normal,0,,
C02057,legit_guest_spike,LegitAbnormal,0,449.0,2026-03-26
C02058,normal_regular,Normal,0,,
C02059,normal_regular,Normal,0,,
C02060,normal_regular,Normal,0,,
C02061,normal_regular,Normal,0,,
C02062,normal_regular,Normal,0,,
C02063,normal_regular,Normal,0,,
C02064,normal_regular,Normal,0,,
C02065,normal_new_consumer,Normal,0,481.0,2026-04-27
C02066,normal_regular,Normal,0,,
C02067,normal_new_consumer,Normal,0,498.0,2026-05-14
C02068,normal_regular,Normal,0,,
C02069,fault_drift_high,MeterFault,0,425.0,2026-03-02
C02070,legit_vacation,LegitAbnormal,0,493.0,2026-05-09
C02071,normal_noisy_dupes,Normal,0,,
C02072,normal_regular,Normal,0,,
C02073,comm_long_gap,CommFailure,0,474.0,2026-04-20
C02074,normal_regular,Normal,0,,
C02075,theft_step_drop,Theft,1,414.0,2026-02-19
C02076,fault_spikes,MeterFault,0,499.0,2026-05-15
C02077,legit_extended_absence,LegitAbnormal,0,452.0,2026-03-29
C02078,normal_regular,Normal,0,,
C02079,comm_backfill_lump,CommFailure,0,450.0,2026-03-27
C02080,theft_near_zero,Theft,1,487.0,2026-05-03
C02081,normal_regular,Normal,0,,
C02082,normal_regular,Normal,0,,
C02083,normal_regular,Normal,0,,
C02084,legit_solar_efficiency_down,LegitAbnormal,0,396.0,2026-02-01
C02085,normal_regular,Normal,0,,
C02086,theft_intermittent,Theft,1,328.0,2025-11-25
C02087,normal_regular,Normal,0,,
C02088,normal_regular,Normal,0,,
C02089,fault_drift_low,MeterFault,0,446.0,2026-03-23
C02090,legit_move_out,LegitAbnormal,0,506.0,2026-05-22
C02091,fault_zero,MeterFault,0,482.0,2026-04-28
C02092,theft_intermittent,Theft,1,450.0,2026-03-27
C02093,fault_drift_high,MeterFault,0,457.0,2026-04-03
C02094,normal_regular,Normal,0,,
C02095,normal_regular,Normal,0,,
C02096,normal_new_consumer,Normal,0,469.0,2026-04-15
C02097,normal_regular,Normal,0,,
C02098,normal_new_consumer,Normal,0,487.0,2026-05-03
C02099,normal_regular,Normal,0,,
C02100,normal_regular,Normal,0,,
C02101,normal_regular,Normal,0,,
C02102,normal_regular,Normal,0,,
C02103,normal_regular,Normal,0,,
C02104,legit_new_load_up,LegitAbnormal,0,462.0,2026-04-08
C02105,theft_near_zero,Theft,1,402.0,2026-02-07
C02106,normal_regular,Normal,0,,
C02107,legit_vacation,LegitAbnormal,0,449.0,2026-03-26
C02108,normal_regular,Normal,0,,
C02109,comm_intermittent,CommFailure,0,419.0,2026-02-24
C02110,normal_noisy_dupes,Normal,0,,
C02111,normal_noisy_dupes,Normal,0,,
C02112,normal_new_consumer,Normal,0,452.0,2026-03-29
C02113,legit_extended_absence,LegitAbnormal,0,458.0,2026-04-04
C02114,normal_regular,Normal,0,,
C02115,theft_step_drop,Theft,1,457.0,2026-04-03
C02116,normal_regular,Normal,0,,
C02117,normal_noisy_dupes,Normal,0,,
C02118,normal_regular,Normal,0,,
C02119,theft_gradual,Theft,1,347.0,2025-12-14
C02120,normal_new_consumer,Normal,0,466.0,2026-04-12
C02121,fault_zero,MeterFault,0,423.0,2026-02-28
C02122,theft_step_drop,Theft,1,436.0,2026-03-13
C02123,theft_peak_bypass,Theft,1,426.0,2026-03-03
C02124,normal_regular,Normal,0,,
C02125,theft_near_zero,Theft,1,476.0,2026-04-22
C02126,normal_regular,Normal,0,,
C02127,normal_regular,Normal,0,,
C02128,comm_long_gap,CommFailure,0,516.0,2026-06-01
C02129,legit_extended_absence,LegitAbnormal,0,468.0,2026-04-14
C02130,normal_noisy_dupes,Normal,0,,
C02131,normal_regular,Normal,0,,
C02132,normal_regular,Normal,0,,
C02133,normal_regular,Normal,0,,
C02134,normal_regular,Normal,0,,
C02135,legit_solar_efficiency_down,LegitAbnormal,0,366.0,2026-01-02
C02136,normal_regular,Normal,0,,
C02137,normal_noisy_dupes,Normal,0,,
C02138,normal_new_consumer,Normal,0,468.0,2026-04-14
C02139,legit_extended_absence,LegitAbnormal,0,430.0,2026-03-07
C02140,legit_vacation,LegitAbnormal,0,507.0,2026-05-23
C02141,legit_extended_absence,LegitAbnormal,0,448.0,2026-03-25
C02142,normal_regular,Normal,0,,
C02143,normal_new_consumer,Normal,0,483.0,2026-04-29
C02144,normal_regular,Normal,0,,
C02145,theft_step_drop,Theft,1,419.0,2026-02-24
C02146,legit_vacation,LegitAbnormal,0,519.0,2026-06-04
C02147,normal_regular,Normal,0,,
C02148,normal_regular,Normal,0,,
C02149,normal_regular,Normal,0,,
C02150,theft_gradual,Theft,1,385.0,2026-01-21
C02151,comm_long_gap,CommFailure,0,486.0,2026-05-02
C02152,legit_extended_absence,LegitAbnormal,0,479.0,2026-04-25
C02153,legit_vacation,LegitAbnormal,0,507.0,2026-05-23
C02154,normal_new_consumer,Normal,0,456.0,2026-04-02
C02155,normal_noisy_dupes,Normal,0,,
C02156,normal_new_consumer,Normal,0,498.0,2026-05-14
C02157,normal_regular,Normal,0,,
C02158,legit_solar_efficiency_down,LegitAbnormal,0,425.0,2026-03-02
C02159,normal_regular,Normal,0,,
C02160,normal_regular,Normal,0,,
C02161,normal_regular,Normal,0,,
C02162,normal_regular,Normal,0,,
C02163,normal_regular,Normal,0,,
C02164,fault_stuck,MeterFault,0,470.0,2026-04-16
C02165,normal_regular,Normal,0,,
C02166,normal_regular,Normal,0,,
C02167,legit_guest_spike,LegitAbnormal,0,496.0,2026-05-12
C02168,legit_solar_efficiency_down,LegitAbnormal,0,441.0,2026-03-18
C02169,normal_regular,Normal,0,,
C02170,normal_regular,Normal,0,,
C02171,normal_regular,Normal,0,,
C02172,theft_intermittent,Theft,1,360.0,2025-12-27
C02173,legit_guest_spike,LegitAbnormal,0,503.0,2026-05-19
C02174,normal_noisy_dupes,Normal,0,,
C02175,legit_vacation,LegitAbnormal,0,462.0,2026-04-08
C02176,legit_extended_absence,LegitAbnormal,0,460.0,2026-04-06
C02177,fault_spikes,MeterFault,0,467.0,2026-04-13
C02178,normal_regular,Normal,0,,
C02179,normal_regular,Normal,0,,
C02180,normal_regular,Normal,0,,
C02181,legit_vacation,LegitAbnormal,0,525.0,2026-06-10
C02182,normal_regular,Normal,0,,
C02183,fault_drift_low,MeterFault,0,365.0,2026-01-01
C02184,normal_noisy_dupes,Normal,0,,
C02185,legit_extended_absence,LegitAbnormal,0,483.0,2026-04-29
C02186,legit_vacation,LegitAbnormal,0,486.0,2026-05-02
C02187,normal_regular,Normal,0,,
C02188,normal_regular,Normal,0,,
C02189,theft_step_drop,Theft,1,385.0,2026-01-21
C02190,normal_noisy_dupes,Normal,0,,
C02191,normal_regular,Normal,0,,
C02192,normal_regular,Normal,0,,
C02193,theft_intermittent,Theft,1,393.0,2026-01-29
C02194,legit_guest_spike,LegitAbnormal,0,527.0,2026-06-12
C02195,normal_regular,Normal,0,,
C02196,normal_regular,Normal,0,,
C02197,normal_regular,Normal,0,,
C02198,normal_regular,Normal,0,,
C02199,normal_noisy_dupes,Normal,0,,
C02200,normal_regular,Normal,0,,
C02201,normal_regular,Normal,0,,
C02202,normal_new_consumer,Normal,0,454.0,2026-03-31
C02203,normal_regular,Normal,0,,
C02204,comm_backfill_lump,CommFailure,0,505.0,2026-05-21
C02205,normal_noisy_dupes,Normal,0,,
C02206,legit_vacation,LegitAbnormal,0,508.0,2026-05-24
C02207,comm_intermittent,CommFailure,0,434.0,2026-03-11
C02208,normal_regular,Normal,0,,
C02209,normal_regular,Normal,0,,
C02210,normal_regular,Normal,0,,
C02211,theft_gradual,Theft,1,327.0,2025-11-24
C02212,normal_regular,Normal,0,,
C02213,normal_new_consumer,Normal,0,451.0,2026-03-28
C02214,normal_regular,Normal,0,,
C02215,normal_regular,Normal,0,,
C02216,normal_new_consumer,Normal,0,485.0,2026-05-01
C02217,normal_regular,Normal,0,,
C02218,normal_regular,Normal,0,,
C02219,normal_regular,Normal,0,,
C02220,normal_regular,Normal,0,,
C02221,comm_intermittent,CommFailure,0,376.0,2026-01-12
C02222,comm_long_gap,CommFailure,0,483.0,2026-04-29
C02223,normal_new_consumer,Normal,0,487.0,2026-05-03
C02224,normal_regular,Normal,0,,
C02225,normal_new_consumer,Normal,0,472.0,2026-04-18
C02226,normal_regular,Normal,0,,
C02227,normal_regular,Normal,0,,
C02228,normal_regular,Normal,0,,
C02229,legit_vacation,LegitAbnormal,0,492.0,2026-05-08
C02230,theft_gradual,Theft,1,381.0,2026-01-17
C02231,normal_new_consumer,Normal,0,495.0,2026-05-11
C02232,legit_guest_spike,LegitAbnormal,0,448.0,2026-03-25
C02233,comm_backfill_lump,CommFailure,0,509.0,2026-05-25
C02234,normal_regular,Normal,0,,
C02235,normal_noisy_dupes,Normal,0,,
C02236,normal_new_consumer,Normal,0,478.0,2026-04-24
C02237,normal_regular,Normal,0,,
C02238,legit_vacation,LegitAbnormal,0,513.0,2026-05-29
C02239,comm_backfill_lump,CommFailure,0,461.0,2026-04-07
C02240,normal_regular,Normal,0,,
C02241,normal_noisy_dupes,Normal,0,,
C02242,comm_intermittent,CommFailure,0,471.0,2026-04-17
C02243,normal_regular,Normal,0,,
C02244,fault_zero,MeterFault,0,462.0,2026-04-08
C02245,comm_intermittent,CommFailure,0,441.0,2026-03-18
C02246,normal_regular,Normal,0,,
C02247,normal_regular,Normal,0,,
C02248,legit_vacation,LegitAbnormal,0,458.0,2026-04-04
C02249,normal_regular,Normal,0,,
C02250,normal_regular,Normal,0,,
C02251,legit_extended_absence,LegitAbnormal,0,495.0,2026-05-11
C02252,normal_new_consumer,Normal,0,471.0,2026-04-17
C02253,normal_new_consumer,Normal,0,463.0,2026-04-09
C02254,legit_move_out,LegitAbnormal,0,462.0,2026-04-08
C02255,theft_peak_bypass,Theft,1,463.0,2026-04-09
C02256,normal_new_consumer,Normal,0,479.0,2026-04-25
C02257,normal_regular,Normal,0,,
C02258,legit_guest_spike,LegitAbnormal,0,443.0,2026-03-20
C02259,fault_stuck,MeterFault,0,506.0,2026-05-22
C02260,normal_new_consumer,Normal,0,470.0,2026-04-16
C02261,normal_regular,Normal,0,,
C02262,normal_new_consumer,Normal,0,474.0,2026-04-20
C02263,comm_long_gap,CommFailure,0,488.0,2026-05-04
C02264,normal_regular,Normal,0,,
C02265,legit_guest_spike,LegitAbnormal,0,519.0,2026-06-04
C02266,comm_long_gap,CommFailure,0,503.0,2026-05-19
C02267,comm_backfill_lump,CommFailure,0,427.0,2026-03-04
C02268,normal_regular,Normal,0,,
C02269,comm_long_gap,CommFailure,0,517.0,2026-06-02
C02270,normal_new_consumer,Normal,0,463.0,2026-04-09
C02271,normal_regular,Normal,0,,
C02272,legit_move_out,LegitAbnormal,0,501.0,2026-05-17
C02273,normal_regular,Normal,0,,
C02274,comm_intermittent,CommFailure,0,423.0,2026-02-28
C02275,theft_near_zero,Theft,1,429.0,2026-03-06
C02276,normal_regular,Normal,0,,
C02277,fault_drift_high,MeterFault,0,320.0,2025-11-17
C02278,theft_intermittent,Theft,1,374.0,2026-01-10
C02279,fault_drift_low,MeterFault,0,345.0,2025-12-12
C02280,normal_regular,Normal,0,,
C02281,normal_regular,Normal,0,,
C02282,fault_drift_low,MeterFault,0,319.0,2025-11-16
C02283,normal_noisy_dupes,Normal,0,,
C02284,theft_step_drop,Theft,1,486.0,2026-05-02
C02285,normal_new_consumer,Normal,0,487.0,2026-05-03
C02286,theft_step_drop,Theft,1,435.0,2026-03-12
C02287,normal_regular,Normal,0,,
C02288,normal_new_consumer,Normal,0,496.0,2026-05-12
C02289,legit_solar_efficiency_down,LegitAbnormal,0,425.0,2026-03-02
C02290,fault_spikes,MeterFault,0,357.0,2025-12-24
C02291,normal_regular,Normal,0,,
C02292,normal_regular,Normal,0,,
C02293,normal_regular,Normal,0,,
C02294,normal_regular,Normal,0,,
C02295,comm_long_gap,CommFailure,0,504.0,2026-05-20
C02296,normal_regular,Normal,0,,
C02297,theft_step_drop,Theft,1,410.0,2026-02-15
C02298,legit_guest_spike,LegitAbnormal,0,468.0,2026-04-14
C02299,normal_regular,Normal,0,,
C02300,fault_spikes,MeterFault,0,397.0,2026-02-02
C02301,fault_drift_low,MeterFault,0,367.0,2026-01-03
C02302,normal_regular,Normal,0,,
C02303,theft_near_zero,Theft,1,467.0,2026-04-13
C02304,normal_regular,Normal,0,,
C02305,normal_noisy_dupes,Normal,0,,
C02306,normal_regular,Normal,0,,
C02307,normal_new_consumer,Normal,0,492.0,2026-05-08
C02308,normal_regular,Normal,0,,
C02309,theft_intermittent,Theft,1,349.0,2025-12-16
C02310,normal_regular,Normal,0,,
C02311,normal_new_consumer,Normal,0,476.0,2026-04-22
C02312,normal_regular,Normal,0,,
C02313,normal_regular,Normal,0,,
C02314,normal_new_consumer,Normal,0,498.0,2026-05-14
C02315,normal_regular,Normal,0,,
C02316,normal_noisy_dupes,Normal,0,,
C02317,legit_extended_absence,LegitAbnormal,0,448.0,2026-03-25
C02318,fault_drift_low,MeterFault,0,389.0,2026-01-25
C02319,normal_regular,Normal,0,,
C02320,normal_regular,Normal,0,,
C02321,fault_drift_high,MeterFault,0,456.0,2026-04-02
C02322,normal_regular,Normal,0,,
C02323,normal_regular,Normal,0,,
C02324,normal_regular,Normal,0,,
C02325,normal_noisy_dupes,Normal,0,,
C02326,comm_long_gap,CommFailure,0,509.0,2026-05-25
C02327,fault_spikes,MeterFault,0,496.0,2026-05-12
C02328,comm_intermittent,CommFailure,0,435.0,2026-03-12
C02329,normal_regular,Normal,0,,
C02330,normal_regular,Normal,0,,
C02331,normal_regular,Normal,0,,
C02332,normal_regular,Normal,0,,
C02333,normal_regular,Normal,0,,
C02334,legit_vacation,LegitAbnormal,0,435.0,2026-03-12
C02335,normal_new_consumer,Normal,0,489.0,2026-05-05
C02336,normal_noisy_dupes,Normal,0,,
C02337,normal_regular,Normal,0,,
C02338,fault_zero,MeterFault,0,481.0,2026-04-27
C02339,legit_vacation,LegitAbnormal,0,443.0,2026-03-20
C02340,normal_regular,Normal,0,,
C02341,normal_regular,Normal,0,,
C02342,theft_gradual,Theft,1,334.0,2025-12-01
C02343,normal_noisy_dupes,Normal,0,,
C02344,comm_long_gap,CommFailure,0,503.0,2026-05-19
C02345,legit_guest_spike,LegitAbnormal,0,528.0,2026-06-13
C02346,normal_regular,Normal,0,,
C02347,legit_solar_efficiency_down,LegitAbnormal,0,351.0,2025-12-18
C02348,normal_regular,Normal,0,,
C02349,normal_regular,Normal,0,,
C02350,fault_drift_high,MeterFault,0,433.0,2026-03-10
C02351,fault_stuck,MeterFault,0,458.0,2026-04-04
C02352,normal_regular,Normal,0,,
C02353,normal_regular,Normal,0,,
C02354,legit_vacation,LegitAbnormal,0,487.0,2026-05-03
C02355,normal_regular,Normal,0,,
C02356,normal_regular,Normal,0,,
C02357,normal_regular,Normal,0,,
C02358,comm_backfill_lump,CommFailure,0,423.0,2026-02-28
C02359,normal_noisy_dupes,Normal,0,,
C02360,normal_regular,Normal,0,,
C02361,fault_stuck,MeterFault,0,418.0,2026-02-23
C02362,normal_regular,Normal,0,,
C02363,normal_regular,Normal,0,,
C02364,normal_regular,Normal,0,,
C02365,normal_new_consumer,Normal,0,490.0,2026-05-06
C02366,normal_regular,Normal,0,,
C02367,normal_regular,Normal,0,,
C02368,normal_regular,Normal,0,,
C02369,normal_regular,Normal,0,,
C02370,fault_stuck,MeterFault,0,438.0,2026-03-15
C02371,normal_regular,Normal,0,,
C02372,normal_new_consumer,Normal,0,476.0,2026-04-22
C02373,legit_vacation,LegitAbnormal,0,447.0,2026-03-24
C02374,fault_spikes,MeterFault,0,427.0,2026-03-04
C02375,normal_regular,Normal,0,,
C02376,comm_intermittent,CommFailure,0,343.0,2025-12-10
C02377,normal_regular,Normal,0,,
C02378,legit_new_load_up,LegitAbnormal,0,390.0,2026-01-26
C02379,normal_regular,Normal,0,,
C02380,normal_regular,Normal,0,,
C02381,normal_regular,Normal,0,,
C02382,normal_noisy_dupes,Normal,0,,
C02383,normal_regular,Normal,0,,
C02384,normal_regular,Normal,0,,
C02385,fault_spikes,MeterFault,0,340.0,2025-12-07
C02386,normal_regular,Normal,0,,
C02387,normal_regular,Normal,0,,
C02388,fault_spikes,MeterFault,0,369.0,2026-01-05
C02389,fault_drift_high,MeterFault,0,446.0,2026-03-23
C02390,legit_guest_spike,LegitAbnormal,0,483.0,2026-04-29
C02391,normal_regular,Normal,0,,
C02392,theft_step_drop,Theft,1,457.0,2026-04-03
C02393,normal_regular,Normal,0,,
C02394,normal_regular,Normal,0,,
C02395,normal_regular,Normal,0,,
C02396,normal_regular,Normal,0,,
C02397,normal_regular,Normal,0,,
C02398,comm_long_gap,CommFailure,0,493.0,2026-05-09
C02399,normal_regular,Normal,0,,
C02400,comm_backfill_lump,CommFailure,0,443.0,2026-03-20
C02401,legit_extended_absence,LegitAbnormal,0,450.0,2026-03-27
C02402,fault_stuck,MeterFault,0,514.0,2026-05-30
C02403,normal_regular,Normal,0,,
C02404,normal_regular,Normal,0,,
C02405,theft_step_drop,Theft,1,425.0,2026-03-02
C02406,legit_guest_spike,LegitAbnormal,0,449.0,2026-03-26
C02407,legit_move_out,LegitAbnormal,0,394.0,2026-01-30
C02408,normal_regular,Normal,0,,
C02409,fault_zero,MeterFault,0,383.0,2026-01-19
C02410,fault_drift_low,MeterFault,0,365.0,2026-01-01
C02411,fault_zero,MeterFault,0,396.0,2026-02-01
C02412,normal_noisy_dupes,Normal,0,,
C02413,fault_drift_high,MeterFault,0,363.0,2025-12-30
C02414,comm_backfill_lump,CommFailure,0,433.0,2026-03-10
C02415,normal_regular,Normal,0,,
C02416,legit_extended_absence,LegitAbnormal,0,432.0,2026-03-09
C02417,normal_regular,Normal,0,,
C02418,fault_spikes,MeterFault,0,455.0,2026-04-01
C02419,normal_regular,Normal,0,,
C02420,normal_regular,Normal,0,,
C02421,normal_regular,Normal,0,,
C02422,normal_noisy_dupes,Normal,0,,
C02423,comm_backfill_lump,CommFailure,0,461.0,2026-04-07
C02424,legit_solar_efficiency_down,LegitAbnormal,0,353.0,2025-12-20
C02425,normal_regular,Normal,0,,
C02426,normal_regular,Normal,0,,
C02427,legit_vacation,LegitAbnormal,0,490.0,2026-05-06
C02428,legit_new_load_up,LegitAbnormal,0,415.0,2026-02-20
C02429,normal_regular,Normal,0,,
C02430,normal_regular,Normal,0,,
C02431,theft_intermittent,Theft,1,330.0,2025-11-27
C02432,normal_regular,Normal,0,,
C02433,normal_regular,Normal,0,,
C02434,normal_regular,Normal,0,,
C02435,legit_solar_efficiency_down,LegitAbnormal,0,431.0,2026-03-08
C02436,comm_intermittent,CommFailure,0,388.0,2026-01-24
C02437,normal_regular,Normal,0,,
C02438,normal_regular,Normal,0,,
C02439,normal_noisy_dupes,Normal,0,,
C02440,comm_long_gap,CommFailure,0,476.0,2026-04-22
C02441,normal_regular,Normal,0,,
C02442,legit_solar_efficiency_down,LegitAbnormal,0,344.0,2025-12-11
C02443,normal_regular,Normal,0,,
C02444,normal_regular,Normal,0,,
C02445,normal_regular,Normal,0,,
C02446,normal_regular,Normal,0,,
C02447,comm_intermittent,CommFailure,0,421.0,2026-02-26
C02448,comm_backfill_lump,CommFailure,0,494.0,2026-05-10
C02449,normal_regular,Normal,0,,
C02450,normal_regular,Normal,0,,
C02451,theft_step_drop,Theft,1,483.0,2026-04-29
C02452,normal_regular,Normal,0,,
C02453,normal_regular,Normal,0,,
C02454,normal_regular,Normal,0,,
C02455,normal_regular,Normal,0,,
C02456,normal_regular,Normal,0,,
C02457,normal_regular,Normal,0,,
C02458,normal_regular,Normal,0,,
C02459,fault_spikes,MeterFault,0,433.0,2026-03-10
C02460,normal_regular,Normal,0,,
C02461,normal_regular,Normal,0,,
C02462,normal_regular,Normal,0,,
C02463,legit_guest_spike,LegitAbnormal,0,509.0,2026-05-25
C02464,comm_long_gap,CommFailure,0,489.0,2026-05-05
C02465,normal_regular,Normal,0,,
C02466,normal_regular,Normal,0,,
C02467,theft_peak_bypass,Theft,1,400.0,2026-02-05
C02468,normal_regular,Normal,0,,
C02469,normal_regular,Normal,0,,
C02470,legit_vacation,LegitAbnormal,0,435.0,2026-03-12
C02471,normal_regular,Normal,0,,
C02472,legit_solar_efficiency_down,LegitAbnormal,0,441.0,2026-03-18
C02473,normal_new_consumer,Normal,0,454.0,2026-03-31
C02474,fault_drift_low,MeterFault,0,413.0,2026-02-18
C02475,normal_regular,Normal,0,,
C02476,fault_spikes,MeterFault,0,401.0,2026-02-06
C02477,normal_regular,Normal,0,,
C02478,normal_regular,Normal,0,,
C02479,legit_move_out,LegitAbnormal,0,460.0,2026-04-06
C02480,theft_near_zero,Theft,1,452.0,2026-03-29
C02481,normal_regular,Normal,0,,
C02482,normal_regular,Normal,0,,
C02483,theft_intermittent,Theft,1,394.0,2026-01-30
C02484,legit_solar_efficiency_down,LegitAbnormal,0,436.0,2026-03-13
C02485,comm_long_gap,CommFailure,0,473.0,2026-04-19
C02486,normal_regular,Normal,0,,
C02487,legit_solar_efficiency_down,LegitAbnormal,0,388.0,2026-01-24
C02488,fault_drift_high,MeterFault,0,397.0,2026-02-02
C02489,normal_regular,Normal,0,,
C02490,normal_regular,Normal,0,,
C02491,normal_regular,Normal,0,,
C02492,normal_regular,Normal,0,,
C02493,fault_spikes,MeterFault,0,445.0,2026-03-22
C02494,normal_new_consumer,Normal,0,451.0,2026-03-28
C02495,normal_regular,Normal,0,,
C02496,normal_regular,Normal,0,,
C02497,normal_regular,Normal,0,,
C02498,normal_regular,Normal,0,,
C02499,comm_backfill_lump,CommFailure,0,498.0,2026-05-14
C02500,normal_regular,Normal,0,,
